source,target,prediction
ruuth,രൂത്ത്,റുത്്
tiviyude,ടിവിയുടെ,തിവിയുടെ
gothanbundayirunnu,ഗോതമ്പുണ്ടായിരുന്നു,ഗോതന്ദുണ്ടായിരുന്നു
masaal,മസാല,മസാൽ
vazhikalilude,വഴികളിലൂടെ,വഴികളിലുടെ
vidyarthinikal,വിദ്യാർത്ഥിനികൾ,വിദ്യർത്തിനികൾ
allathe,അല്ലാതെ,അല്ലത്തെ
kontirikkukayum,കൊണ്ടിരിക്കുകയും,കൊന്റിരിക്കുകയും
fuedaal,ഫ്യൂഡൽ,ഫുദേൽൽ
ddeshichhathinalan,ദ്ദേശിച്ചതിനാലാണ്,ദ്ദേശിച്ചതിനിൽാൽ
visfotanam,വിസ്ഫോടനം,വിസ്പോടനം
shimgeri,ശിംഗേരി,ഷിംഗേരി
mel,മെയിൽ,േൽൽൽ
puraththaayathode,പുറത്തായതോടെ,പുറത്താത്തതോട
khatri,ഖാത്രി,ഖാ്രി
gandhibazar,ഗാന്ധിബസാര്,ഗാന്ധിബാർ
arum,ആറും,അറും
mathanaamathinu,മതനാമത്തിനു,മതനാമത്തിന്
smartspaces,സ്മാർട്ട്സ്പെയ്സസ്,സ്മാർട്ട്ക്സ്്്
jeevithavasaanam,ജീവിതാവസാനം,ജീവിതവസാനം
canon,കാനൻ,കാനോൺ
parvesan,പർവേസാണ്,പർവേസൻ
sutlej,സത്ലെജ്,സുട്രെജ്
jushantan,ജുഷാന്തൻ,ജുഷന്ടൻ
keeriteththunnath,കേറിയെത്തുന്നത്,കീറിടേത്തുത്ന്നത
lugod,ലുഗോദ്,ലുഗോഡ്
paadangngalaayirunnu,പാടങ്ങളായിരുന്നു,പാദങ്ങങ്ങളായിരുന്
eraakhi,ഇറാഖി,എറാഖി
mandaal,മണ്ഡൽ,മണ്ഡാൽ
varane,വരനെ,വരാനെ
pidichchirikkaanulla,പിടിച്ചിരിക്കാനുള്ള,പിടിച്ചിച്ചിരിക്കാനു
roopappesuththiyathaanu,രൂപപ്പെടുത്തിയാണ്,രൂപപ്പെസുത്തിയതിനാ
yanam,യാനം,നനം
officemutathu,ഓഫീസ്മുറ്റത്ത്,ഓഫിസിക്മുറത്ത്
avismaraniiya,അവിസ്മരണീയ,അവിസ്മരണിയയ
sahaayikkunnathinu,സഹായിക്കുന്നതിന്,സഹായിക്കുന്നതിനു
balaghat,ബാലഘട്,ബലാഗത്ത
dridakaramaya,ദൃഡകരമായ,ദൃദകരമായ
perfomansu,പെർഫോമൻസ്,പെർഫോസസ്സു
aarya,ആര്യ,ആയ്യ
punasanghadippikkum,പുനഃസംഘടിപ്പിക്കും,പുനഃസനംപപിിക്ക്കും
shornur,ഷൊർണ്ണൂർ,ഷോർണർ
kordarneel,കൊർടർനീൽ,കൊർഡർണീൽ
hillsboro,ഹില്സ്ബോറോ,ഹില്ല്ബ്രോ
varikayanu,വരികയാണ്,വരികയണണ്
nadikkulla,നടിയ്ക്കുള്ള,നടിക്കുള്ള
patiala,പട്ടിയാല,പതിലാലയ
dispur,ദിസ്പുർ,ഡിസ്പർ
insurance,ഇൻഷുറൻസ്,ഇൻസുറാ്്ക
deshamvechchu,ദേശംവെച്ച്,ദേശംവെച്ച്ച
si,ഷി,തി
ethrayumkooduthal,ഇത്രയുംകൂടുതല്,എത്രയുംകുടുതൽൽ
prathipakshanethav,പ്രതിപക്ഷനേതാവ്,പ്രതികക്ഷണത്തം
garruda,ഗരുഡ,ഗാരുദ
solanki,സോളങ്കി,സോളാങ്കി
parishkkaaram,പരിഷ്ക്കാരം,പരിഷ്കാക്രം
vakayayithanne,വകയായിത്തന്നെ,വകയയിത്തന്നെെ
english,ഇംഗ്ലീഷ്,എംഗ്ലിഷ്
pothudarshanaththinu,പൊതുദർശനത്തിന്,പൊതുരദ്രശത്തിന്
theereesa,തെരേസ,തീരീസ
masathile,മാസത്തിലെ,മസത്തിലെെ
spaunera,സ്പൌനെര,സ്പൌനാര
cowr,കൌർ,കോർ
thornton,തോന്റൺ,തോർട്ടോ
keizer,കെയ്സർ,കെയേർ
thilakkamarnna,തിളക്കമാർന്ന,തിലക്കമർന്ന
mikacchath,മികച്ചത്,മികക്ത്്ത
vydyuthopakarana,വൈദ്യുതോപകരണ,വിദ്യുത്പകരണ
sthaanaarththhiye,സ്ഥാനാർത്ഥിയെ,സ്ഥാനാർത്ത്ത്ത
tinsukia,ടിന്സുകിയാ,ടിൻസുക്കയ
othelo,ഒഥല്ലോ,ഒതെലോോ
minute,മിനുട്ട്,മിനുടെെ
margangngaluntenn,മാർഗങ്ങളുണ്ടെന്ന്,മർഗങ്ങങ്ങളുണ്ടെന്ന
mahankmadaan,മഹാങ്കമദാന്,മഹാങ്കാ്ടാൻ
peshavaar,പെഷവാർ,പേശവാർ
pakarchchavyaadhi,പകർച്ചവ്യാധി,പകർച്ച്വാവ്യി
shreebaalagokulaththinte,ശ്രീബാലഗോകുലത്തിന്റെ,ശ്രീബാഗംകുളത്തില്റെെ
ulhasnagar,ഉല്ലാസ്നഗര്,ഉഴസസ്നർഗർ
kaur,കൗർ,കൂർ
kozhikode,കോഴിക്കോട്,കൊഴിക്കോട്
dhindhwal,ധിന്ധ്വാള്,ധിന്ധ്വൽ
njettichcha,ഞെട്ടിച്ച,ഞെട്ടിച്ച്
digree,ഡിഗ്രി,ദിഗ്രീ
prasthanamundallo,പ്രസ്ഥാനമുണ്ടല്ലോ,പ്രസ്തനമുണ്ടല്ലോ
poyathinethudar,പോയതിനേത്തുടര്,പോയതിനെത്തുടർ
margarita,മാർഗരിറ്റ,മാഗ്രറിത
elakki,ഇളക്കി,ഇലക്കി
sekhar,ശേഖർ,സേഖാർ
naresh,നരേഷ്,നാരേഷ്
poura,പൗര,പൂറ
vishamaththilaanennu,വിഷമത്തിലാണെന്ന്,വിഷമത്തിലാലെന്ന്
thamasichulloo,താമസിച്ചുള്ളൂ,തമസിച്ചുള്ളൂ
aaroupanaththinu,ആരോപണത്തിന്,ആരുപണത്തിന്
sathamaanathiladhikam,ശതമാനത്തിലധികം,സതമാനത്തിലിലധിക
dodson,ഡോട്സൺ,ഡോഡ്സോൺ
laisance,ലൈസൻസ്,ലൈസൻക്
collectorude,കളക്ടറുടെ,കോള്സ്റ്റു
vykrithangngalilekk,വൈകൃതങ്ങളിലേക്ക്,വികൃതങ്ങ്ങളിലേക്ക
balakrishnante,ബാലകൃഷ്ണന്റെ,ബലക്ഷിന്ന്റെ
cotton,കോട്ടൺ,കോട്ടോൺ
karanaththilum,കരണത്തിലും,കരണത്തിതിലു
iban,ഇബ്ൻ,ഇബാൻ
electroonik,ഇലക്ട്രോണിക്,എലക്ട്രൂനിക്
mattanam,മാറ്റണം,മാ്റണം
nettam,നേട്ടം,നെട്ടം
bikeleththiya,ബൈക്കിലെത്തിയ,ബികെലെത്തിയയ
sweekarichchumaan,സ്വീകരിച്ചുമാണ്,സ്വീകരിച്ചിച്ചുമ
feeble,ഫീബിൾ,ഫീബ്ലെ
sultanpur,സുല്ത്താന്പുര്,സുൽട്്പുപ്പ്
pariikshikkukayum,പരീക്ഷിക്കുകയും,പരിയിക്കിക്കുകയു
kanyastreekal,കന്യാസ്ത്രീകൾ,കന്യസ്ത്രീകൾ
mandalangngalile,മണ്ഡലങ്ങളിലെ,മണ്ഡലങ്ങുങ്ങള
ennittu,എന്നിട്ടു,എന്നിട്ട്
sthalaththeththiya,സ്ഥലത്തെത്തിയ,സ്ഥലത്തെത്ത്ത്
mays,മേയ്സ്,മെസ്്
marikkathavare,മരിയ്ക്കാത്തവരെ,മറിക്കാത്തവരെെ
prakhyapichhathode,പ്രഖ്യാപിച്ചതോടെ,പ്രഖ്യപിച്ചതോടെെ
haindavar,ഹൈന്ദവർ,ഹൈന്ദർവർ
psychology,സൈക്കോളജി,സിസ്ക്യോജ്
teraisa,തെരേസ,ടെറാസ
sivajii,ശിവാജി,സിവജിയി
punjabilum,പഞ്ചാബിലും,പുഞ്ഞബിലും
bluffs,ബ്ലഫ്സ്,ബ്ലോഫ്സ്
fittnass,ഫിറ്റ്നസ്,ഫിറ്റ്നസ്സ
kashanangngalaayi,കഷണങ്ങളായി,കഷനങ്ങങ്ങളാ
rukmini,രുക്മിണി,റുക്മിനി
thanalaththunakkiyaan,തണലത്തുണക്കിയാണ്,തനലത്തുതുന്കിയാണ്
prasaranangal,പ്രസരണങ്ങള്,പ്രസരണങ്ങൾ
devayaniye,ദേവയാനിയെ,ദേവയണിയെെ
congressine,കോൺഗ്രസ്സിനെ,കൺഗ്രസ്സിനെ
anny,ആനി,അന്ന
hoshangabad,ഹോഷന്ഗാബാദ്,ഹോഷംഗബാദ്
aluminium,അലുമിനിയം,അലുമിനിയും
sedpiyu,സെഡ്പിയു,സെഡ്പിയ്
skipper,സ്കിപ്പർ,സ്കിപ്പെർ
sambadyam,സമ്പാദ്യം,സംബദ്യം
stend,സ്റ്റാൻഡ്,സ്റ്റേണ്ട്
andavum,അണ്ഡവും,അണ്ടവും
greek,ഗ്രീക്,ഗ്രീക്ക
samthalangal,സമതലങ്ങൾ,സംതലങ്ങൾ
ovarukalil,ഓവറുകളിൽ,ഓവരുകളിൽ
dalhousie,ഡല്ഹൌസി,ഡലാസുസി
nilapadilalla,നിലപാടിലല്ല,നിലപടിലല്ലല
arangngeta,അരങ്ങേറ്റ,അരങ്ങേങ്ട
kettering,കെട്ടെറിംഗ്,കെട്ടറിങ്ങ്
aarum,ആറും,ആരും
koduppichchukondaan,കൊടുപ്പിച്ചുകൊണ്ടാണ്,കൊടുപ്പിച്ചുച്ചൊണ്ടാൻ
ilibhyaraakkiyaan,ഇളിഭ്യരാക്കിയാണ്,ഇലിഭ്യരാക്കിയാണ്
kecheeri,കേച്ചേരി,കെച്ചീരി
strong,സ്ട്രോംഗ്,സ്റ്റോംഗ്
upayogichekkumenn,ഉപയോഗിച്ചേക്കുമെന്ന്,ഉപയോഗിച്ചെക്കുമെന്ന്
cherry,ചെറി,ചെർരി
bettiah,ബെതിയാ,ബെറ്റിയ
das,ദാസ്,സസ്
kanchan,കാഞ്ചന്,കഞ്ചൻ
buddhimuttakkukayum,ബുദ്ധിമുട്ടാക്കുകയും,ബുദ്ധിമുട്ടുക്കയുംം
yuri,ഉറി,യൂറി
yaathraparanjnja,യാത്രപറഞ്ഞ,യാത്രപരഞ്ഞേ
sreeneevas,ശ്രീനിവാസ്,ശ്രീനീവസ്
snehicchu,സ്നേഹിച്ചു,സ്നേഹിച്ച്ച
stedium,സ്റ്റേഡിയം,സ്റ്റേഡിയും
sammanikkunnath,സമ്മാനിക്കുന്നത്,സമ്മനിക്കുന്നത്്
keralathinte,കേരളത്തിൻറെ,കേരളത്തിന്റെ
waashintunu,വാഷിങ്ടണ്,വാഷിന്റുണ്
mosamayirikkunnath,മോശമായിരിക്കുന്നത്,മോസമായിരിക്കുന്നത്
roosie,റോസി,റൂസി
poozhthhivekkan,പൂഴ്ത്തിവെക്കാൻ,പൂഴ്ത്വിവേക്കാൻ
kaazchayaayirunnu,കാഴ്ചയായിരുന്നു,കാച്ചയായിരുന്നു
kaanicchu,കാണിച്ച്,കാണിച്ചു
samvidhayakanilekkum,സംവിധായകനിലേക്കും,സംവിധയയിലേക്കും
visphotanam,വിസ്ഫോടനം,വിശ്ഫോടനം
kizhakkottaayirunnu,കിഴക്കോട്ടായിരുന്നു,കിഴക്കൊട്ടായിരുന്നു
kurichchittullathaanu,കുറിച്ചിട്ടുള്ളതാണ്,കുറിച്ചിച്ചുട്ള്ളതാണ
aaria,ആര്യ,ആറിയ
vismayakaazhchakalaan,വിസ്മയകാഴ്ചകളാണ്,വിസ്മയക്കഴച്ചാാണ്
nikathan,നികത്താൻ,നികതന
barasat,ബറാസത്ത്,ബരാസത്ത്
jordan,ജോഡൻ,ജോർഡാ
anjchamankathile,അഞ്ചാമങ്കത്തിലെ,അഞ്ചമമക്്തത്തിലെ
athmakadhayilekku,ആത്മകഥയിലേക്കു,അത്മകഥയിലേക്ക്
karanjnjukondeyirunnu,കരഞ്ഞുകൊണ്ടേയിരുന്നു,കരഞ്ഞുഞ്ഞുകൊണ്ടിയെന്ന
iqbal,ഇഖ്ബാൽ,ഇക്സൽൽ
elevenil,ഇലവനില്,ഏലവവേിൽ
societyude,സൊസൈറ്റിയുടെ,സോക്കിറ്റുടെ
undaakkillennathaanu,ഉണ്ടാക്കില്ലെന്നതാണ്,ഉണ്ടാക്കില്ലെന്നാണ്
shii,ഷി,ഷിയ
atkins,അത്കിന്സ്,അഡിക്സ്്
salem,സേലം,സാലേം
aabhyantharamanthraalayam,ആഭ്യന്തരമന്ത്രാലയം,ആഭ്യന്തരമ്ന്രരമല്ലം
bath,ബാത്,തത്്
egu,എഗ്,ഗുഗു
cardenas,കർദെനാസ്,കർർണെസ്
feebil,ഫീബിൾ,ഫീബിൽ
chhindwara,ചിന്ദ്വാര,ചിന്ദ്രര
carboikamo,കാർബണികമോ,കർബോബിയോകാ
priye,പ്രിയേ,പ്രിയെ
katiyar,കത്യാർ,കത്തിയർ
mahazan,മഹാജൻ,മഹാാൻ
everest,എവറസ്റ്റ്,എവേറസ്റ്റ്
dhanbad,ധന്ബാദ്,ധൻബാദ്
marupadiyayanu,മറുപടിയായാണ്,മറുപടിയയണ്
congressinillennan,കോൺഗ്രസിനില്ലെന്നാണ്,കൺഗ്രസ്സിനെല്ലെന്നാണ്
ilaktroonik,ഇലക്ട്രോണിക്,ഇലക്ട്രൂനിക്
olichchirunnathum,ഒളിച്ചിരുന്നതും,ഒളിച്ചിച്ചുരുന്ന
vaadamanu,വാദമാണ്,വാടമാണ്
pambukale,പാമ്പുകളെ,പമ്പുകളെ
alangaravasthukkalodu,അലങ്കാരവസ്തുക്കളോടു,അലങ്ങരവസ്തുക്കളോട്്
bengaluru,ബെംഗളൂരു,ബെങ്ങളുരു
pooraadi,പോരാടി,പൂറാടി
miikii,മിക്കി,മിയികി
bhavanayum,ഭാവനയും,ഭവനയും
haynes,ഹെയ്നസ്,ഹെയെസ്്
rauket,റോക്കറ്റ്,റൌക്ട്ട്്
chithraththinulla,ചിത്രത്തിനുള്ള,ചിത്രത്തിന്നുള്
vinyll,വിനൈൽ,വിന്നി
nirdeshaththe,നിർദേശത്തെ,നിർദേശത്തെത
dhatu,ദത്തു,ധ്തു
baleshwar,ബാലേശ്വർ,ബാൽശ്വർ
thhasraddhayil,ത്തശ്രദ്ധയില്,തസ്രദ്ധയിൽൽ
manasillamanas,മനസില്ലാമനസ്സ്,മനസില്ലാമന്
viqrama,വിക്രം,വിക്രമ
hercules,ഹെര്ക്യുലെസ്,ഹെർക്കുൾ
virani,വിരണി,വിരാനി
prakaravum,പ്രകാരവും,പ്രകരവും
koonur,കൂണൂര്,കൂനൂർ
reddy,റെഡ്ഡി,റെഡ്ദി
sthaanaarthi,സ്ഥാനാർഥി,സ്ഥാനാർത്ത
ajandakal,അജണ്ടകൾ,അജണ്ഡകൾ
abhinayaramgangal,അഭിനയരംഗങ്ങള്,അഭിനയരംഗങ്ങൾ
boliiviya,ബൊളീവിയ,ബോളിവിയ
taii,ടേ,യൈയ
roockait,റോക്കറ്റ്,റൂക്കൈറ്റ്
madina,മദീന,മദിന
edavelaykku,ഇടവേളയ്ക്കു,ഇടവേളയ്ക്ക്
vyathyasthamalla,വ്യത്യസ്തമല്ല,വ്യത്യസ്ഥമല്ല
apalapichhu,അപലപിച്ചു,അപലപിച്ച്
ppuvilikalumonum,പ്പുവിളികളുമൊന്നും,പ്പുവിലികളുമൊനുംം
gwaattimaala,ഗ്വാട്ടിമാല,ഗ്വാറ്റിമില
sankhadikkukayum,സംഘടിക്കുകയും,സങ്ഖടിക്കുകയും
jones,ജോൺസ്,ജോണസ്
matrixilekk,മാട്രിക്സിലേക്ക്,മത്രിസിലേക്ക്്്
sunnyvale,സണ്ണീവെയ്ല്,സുന്നിവലെ
halisahar,ഹലിസഹര്,ഹാലിസാർ
ulsavabali,ഉത്സവബലി,ഉൽസവവലി
pricol,പ്രികോള്,പ്രിക്കോൾ
poyikkazhinjnjittum,പോയിക്കഴിഞ്ഞിട്ടും,പോയിക്കഴിഞ്ഞിഞ്ഞേയു
sugamamaayirikkumennu,സുഗമമായിരിക്കുമെന്നു,സുഗമമായിരിക്കുമെന്ന്
vangunnathu,വാങ്ങുന്നത്,വങ്ങുന്നത്്
weii,വേയ്,വെയി
myers,മൈയേര്സ്,മ്യർസ്
vilangum,വിലങ്ങും,വിളങ്ങും
pooraadukayum,പോരാടുകയും,പൂരാടുകയും
rai,റായി,റിയ
thamburaan,തമ്പുരാൻ,തമ്പുറാൻ
shivamogga,ശിവമോഗ,ശിവാഗംഗ
kaanam,കാനൻ,കാനം
ithhiri,ഇത്തിരി,ഇതിരിി
kristaniya,ക്രിസ്റ്റാനിയ,ക്രിസ്റ്റണിയയ
aalnaashathhinum,ആൾനാശത്തിനും,ആല്നാശത്തിനും
floyd,ഫ്ലോയിഡ്,ഫ്ലോയ്ഡ്
spray,സ്പ്രേ,സ്പ്രെയ
visual,വിഷ്വൽ,വിസുലൽ
ivideyundakuka,ഇവിടെയുണ്ടാകുക,ഇവിടെയുണ്ടക്ക
kaandaamrugam,കാണ്ടാമൃഗം,കാണ്ടാംഗുരം
suraj,സുരാജ്,സുരജ്്
kaazcha,കാഴ്ച,കാച്ച
ithihaasikamaaya,ഐതിഹാസികമായ,ഇതിഹാസികമായ
vimarashnaathmakamaya,വിമരശ്നാത്മകമായ,വിമരസ്ന്ധാത്യമാക
rangathhuvannath,രംഗത്തുവന്നത്,രംഗത്വുവന്നത്
lamghichhuvenkil,ലംഘിച്ചുവെങ്കില്,ലംഘിച്ചുവെങ്കിൽ
thangale,താങ്കളെ,തങ്ങളെെ
manna,മന്ന,മണ്ണ
aanny,ആനി,ആന്ന
khadakangaleyokke,ഘടകങ്ങളെയൊക്കെ,ഖടകങ്ങളെയൊക്കെ
asheville,ആഷ്വില്,അശേവില്ല
naayakande,നായകന്റെ,നായകന്്ടെ
rookshavimarsanavumaayi,രൂക്ഷവിമർശനവുമായി,രൂക്ഷവിശസസനവുമായി
aduthakoottukaril,അടുത്തകൂട്ടുകാരില്,അടുത്തകൂട്ടുകരിൽ
dhivasamaaya,ദിവസമായ,ധിവസമായ
krushnnanannu,കൃഷ്ണനാണ്,കൃഷ്ണന്നന്
thilakkamaarnna,തിളക്കമാർന്ന,തിലക്കമാർന്ന
jeffersonville,ജെഫേര്സണ്വില്,ജെഫ്സർർസവില്ലെ
sikar,ശിക്കാർ,സികർ
nochippulliyile,നൊച്ചിപ്പുള്ളിയിലെ,നോചിപ്പുള്ളിയിലെെ
aciid,ആസിഡ്,ആസിസി
dhulhijja,ദുൽഹിജ്ജ,ധുഴിജ്ജ
balrampur,ബല്റാംപുർ,ബൽലാംപുർ
ushnamekhala,ഉഷ്ണമേഖലാ,ഉഷ്ണമേഖല
vendalayirunnuvennu,വേണ്ടായിരുന്നുവെന്ന്,വേണ്ടലയിരുന്നുവെന്ന്
dalmia,ഡാല്മിയ,ഡാൽമി
srushtikkunnathinu,സൃഷ്ടിക്കുന്നതിന്,സൃഷ്ടിക്കുന്നതിനു
kaathirunnu,കാത്തിരുന്നു,കാതിരുന്നു
thedukayaan,തേടുകയാണ്,തെടുകയാണ്
penvanibha,പെൺവാണിഭ,പെൻവനിഭാ
spre,സ്പ്രേ,സ്പ്രെ
kaarangalum,കാരണങ്ങളും,കാരങ്ങളും
bhopal,ഭോപ്പാല്,ഭോപൽൽ
abhayarthi,അഭയാർഥി,അഭയർത്തി
kuthet,കുത്തേറ്റ്,കുത്തെട്ട്
charchayakunnath,ചർച്ചയാകുന്നത്,ചർച്ചയകുന്നത്്
asahaneeyamaayappol,അസഹനീയമായപ്പോള്,അസഹനീയമായപ്പോൾ
aarayennayirunnu,ആരായെന്നായിരുന്നു,ആരയെന്നായിരുന്നു
yuree,ഉറി,യുറീ
hasni,ഹാൻസി,ഹസ്നി
staeedium,സ്റ്റേഡിയം,സ്റ്റീഡിയം
nirappil,നിരപ്പിൽ,നിറപ്പിൽ
avalokanangalum,അവലോകനങ്ങളും,അവളോകണങ്ങളും
puraththundaayirunnu,പുറത്തുണ്ടായിരുന്നു,പുറത്തുതുണ്ടായിരുന്ന
aduththakalangalilanu,അടുത്തകാലങ്ങളിലാണ്,അടുത്തകതലങ്ങളിലാണ്
chithraththe,ചിത്രത്തെ,ചിത്രത്തെത
cypress,സിപ്രസ്,കൈപ്രസ്സ
maurya,മൌര്യ,മൌറ്യ
adhyakshanumayi,അധ്യക്ഷനുമായി,അധ്യക്ഷണുമായി
aanutto,ആണുട്ടൊ,ആനുട്ടോ
brownin,ബ്രൗണിങ്,ബ്രോവ്നിന
sinhala,സിംഹള,സിന്ധല
vargiyatha,വർഗീയത,വർഗിയത
nadiad,നാദിയാദ്,നെഡിയാദ്
paddhathiyittuttunt,പദ്ധതിയിട്ടുട്ടുണ്ട്,പദ്ധതിതിയിട്ടുണ്ട്്
protection,പ്രൊട്ടക്ഷന്,പ്രൊട്ട്ഷിഷൻ
hines,ഹൈൻസ്,ഹിനെസ്
thruchambaram,തൃച്ചംബരം,തൃച്ചമ്രം
jeythaavum,ജേതാവും,ജെയ്താവു
aroopanaththe,ആരോപണത്തെ,അരൂപണത്തെത
sakthamayirikkumenn,ശക്തമായിരിക്കുമെന്ന്,സക്തമായിരിക്കുമെന്ന്
engineeringil,എഞ്ചിനീയറിംഗിൽ,എങ്ങിനീറിങ്ങിൽ
baloni,ബലോനി,ബലോണി
anni,ആനി,അന്ന
arupaththi,അറുപത്തി,അരുപത്തി
vaangumbool,വാങ്ങുമ്പോൾ,വാങ്ങുമ്പൂൽ
cylinderinte,സിലിണ്ടറിന്റെ,ക്ലിന്ദ്രിന്റെ
vahanathin,വാഹനത്തിന്,വഹനത്തിന്
pullippuli,പുള്ളിപ്പുലി,പുള്ളിപ്പുളി
pazhuppichcha,പഴുപ്പിച്ച,പഴുപ്പിച്ച്
elektrooniks,ഇലക്ട്രോണിക്സ്,എലക്ക്രൂനിക്സ്
kaanicchirunna,കാണിച്ചിരുന്ന,കാണിച്ചിരിക്ന്
anusarichhukondan,അനുസരിച്ചുകൊണ്ടാണ്,അനുസരിച്ചുകൊണ്ടൻ
malidweepile,മാലിദ്വീപിലെ,മലിദ്വീപിലെെ
syngene,സയ്ന്ജീന്,സിങ്ങേനെ
yoosuuf,യൂസഫ്,യൂസൂസ്
pittsburgh,പിട്സ്ബർഗ്,പിട്ട്സ്ബ്
chavan,ചവാൻ,ചാവൻ
angelo,ആൻജലോ,അങ്ങേല
angathwamedukkaam,അംഗത്വമെടുക്കാം,അങ്ങത്വമെടുക്കാം
callingil,കോളിങിൽ,കലലിങ്ങി
special,സ്പെഷ്യൽ,സ്പെക്കിയ
librarykal,ലൈബ്രറികൾ,ലൈബ്രാ്ക്ക
faulkner,ഫോക്നർ,ഫൌൽക്നർ
othaillo,ഒഥല്ലോ,ഒത്തല്ല
kayari,കയറി,കയറാി
king,കിംഗ്,കിങ്
chakrabortty,ചക്രബർത്തി,ചക്രബോർട്ടി
mungaamikal,മുൻഗാമികൾ,മുങ്ങാമികൾ
chempanvayalil,ചെമ്പൻവയലിൽ,ചെമ്പന്യവയിൽ
peedam,പീഠം,പീഡം
visvasam,വിശ്വാസം,വിശ്വസം
nareesh,നരേഷ്,നാരീഷ്
purtthiyaakkiyaanu,പൂർത്തിയാക്കിയാണ്,പുർത്തിയാക്കിയാണ്
viswasichu,വിശ്വസിച്ച്,വിസ്വസിച്ചു
iiraqi,ഇറാഖി,ഇററക്ക
adichu,അടിച്ച്,അടിച്ചു
thrupti,തൃപ്തി,തൃപ്പി
greene,ഗ്രീൻ,ഗ്രീനെ
mohanrajineyaan,മോഹൻരാജിനെയാണ്,മോഹന്രജിനെയാണ്
punasamghadippikkum,പുനഃസംഘടിപ്പിക്കും,പുനഃസമംപിപ്പിക്കും
viillow,വീതം,വില്ല
tooreest,ടൂറിസ്റ്റ്,ടൂരീസ്റ്റ്
naaikkalude,നായ്ക്കളുടെ,നായകക്കളുടെ
koduppichhukondanu,കൊടുപ്പിച്ചുകൊണ്ടാണ്,കൊടുപ്പിച്ചുകൊണ്ട്ണ്
varghese,വർഗീസ്,വാർശേസ്
dish,ഡിഷ്,ദിഷ്
pothudarshathhinu,പൊതുദർശനത്തിന്,പൊതുരദ്ശത്തിന്
brock,ബ്രോക്,ബ്രോക്ക
aister,ആസ്റ്റർ,ഐസ്റ്റർ
vaeii,വേയ്,വീയി
prudential,പ്രുഡെന്ഷ്യല്,പ്രൊഡന്റിയൽ
pankalitha,പങ്കാളിത്ത,പങ്കലിത്ത
thatikondy,തട്ടിക്കൊണ്ടു,താതികൊണ്ടിിി
mungaami,മുൻഗാമി,മുങ്ങാമി
vaangngaathirunnathinulla,വാങ്ങാതിരുന്നതിനുള്ള,വാങ്ങ്ങാത്തിനുന്നതിനു
staanli,സ്റ്റാൻലി,സ്റ്റാങ്കി
chemprathi,ചെമ്പരത്തി,ചെമ്പ്രത്ി
jeevanakkarumundu,ജിവനക്കാരുമുണ്ട്,ജീവനക്കാരുമുണ്ട്
dadayennaan,ദാദയെന്നാണ്,ദദയെന്നാണ്
ernaakulam,എറണാകുളം,എർണാകുകളം
udachchath,ഉടച്ചത്,ഉടച്ച്ത്
mercado,മെർകാഡോ,മെർക്കാഡ
lang,ലാംഗ്,ലഗ്
societykku,സൊസൈറ്റിക്ക്,സോക്കിറ്റ്ക്ക
burke,ബര്ക്,ബുർക്ക
sveekarikkillannaan,സ്വീകരിക്കില്ലന്നാണ്,സ്വീകരിക്കില്ലെന്നാണ്
muraleedharanmaarum,മുരളീധരന്മാരും,മുരലീധരണ്മാരും
addhehatthinoppamulla,അദ്ദേഹത്തിനൊപ്പമുള്ള,അദ്ധേഹത്തിനൊപ്പമുള്ള
loksbhayile,ലോക്സഭയിലെ,ലോക്ഷ്യയിലെ
matakan,മടക്കാൻ,മതാകൻ
electricals,ഇലക്ട്രിക്കൽസ്,എലിക്ട്രിക്ക്്
raanjikk,രാജ്ഞിക്ക്,റാഞ്ഞിക്ക്
chitradurga,ചിത്രദുർഗ,ചിത്രദർഗ
chodippichhath,ചൊടിപ്പിച്ചത്,ചോദിപ്പിച്ചത്
aetuvangiya,ഏറ്റുവാങ്ങിയ,ഈട്ടുവങ്ങിയയ
mrukangalude,മൃഗങ്ങളുടെ,മൃകങ്ങളുടെ
naaz,നാസ്,നാ്്
athinusheshamaanu,അതിനുശേഷമാണ്,അതിനുഷേഷമാണ്
ththanaalaapavum,ത്തനാലാപവും,ത്ഥനാലാപവും
cheguverayude,ചെഗുവേരയുടെ,ചെഗുവേറയുടെ
poozhththivekkaan,പൂഴ്ത്തിവെക്കാൻ,പൂഴ്ത്തിവിക്കാൻ
pappan,പപ്പൻ,പപ്പാൻ
shreelankayilekku,ശ്രീലങ്കയിലേക്ക്,ശ്രീലങ്കളിലേക്ക്
iruteemukalum,ഇരുടീമുകളും,ഇരുത്തുമുകളു
khadjuvinu,ഖഡ്ജുവിന്,ഖദ്ജുവിന്
vidyaarthhiyude,വിദ്യാർത്ഥിനിയുടെ,വിദ്യാർത്ഥിയുടെെ
vaathilukalilum,വാതിലുകളിലും,വാതികുകളിലും
paadapusthakangal,പാഠപുസ്തകങ്ങൾ,പാദപുസ്തക്ങൾ
chalsu,ചാൾസ്,ചല്സു
apamaana,അപമാന,അപമാണ
jeevathmavayi,ജീവാത്മായി,ജീവത്വമായി
adayalamayi,അടയാളമായി,അടയലമായി
aayikkuuda,ആയിക്കൂടാ,ആയിക്കുട
ereyaadhikam,ഏറെയാധികം,ഏരെയാധികം
adyamokke,ആദ്യമൊക്കെ,അദ്യമൊക്കെ
julaiyil,ജൂലായിൽ,ജുലൈയിൽ
ellaatheyaayi,ഇല്ലാതെയായി,എല്ലാതെയായി
waashintonu,വാഷിങ്ടണ്,വാഷിന്റോണ്
dayton,ഡെടോൺ,ഡയ്്റോ
srinagar,ശ്രീനഗര്,ശ്രീനാർ
jethaavumaayi,ജേതാവുമായ,ജേതാവുമായി
bhadauria,ഭദൂരിയ,ഭദാരിയ
koottiyirunnuvennum,കൂട്ടിയിരുന്നെന്നും,കൂട്ടിയിരുന്നുവെന്നു
upayogichhekkumennu,ഉപയോഗിച്ചേക്കുമെന്ന്,ഉപയോഗിച്ചേഴ്കുമെന്ന്
sankhyayaanu,സംഖ്യയാണ്,സങ്ഖയയയാണ്
boca,ബൊക,ബോക്
expleo,എക്സ്പ്ലിയോ,എക്സ്സ്ല
vardhippikkunna,വർദ്ധിപ്പിക്കുന്ന,വർധിപ്പിക്കുന്ന
zob,ജോബ്,ോബ്്
vaayapayaayi,വായ്പയായി,വായപയായി
nadapadiyillaaththathaanu,നടപടിയില്ലാത്തതാണു,നടപടിയില്ലാത്തതാണ്
tools,ടൂൾസ്,ടോൾസ്
chase,ചേസ്,ചേസെ
eakaagrathayum,ഏകാഗ്രതയും,ഏകാഗ്രത്യയു
kouthukakaramanu,കൗതുകകരമാണ്,കൌതുകകരരമണണ്
societyile,സൊസൈറ്റിയിലെ,സോക്കിറ്റിലെ
polikkunnathaanennu,പൊളിക്കുന്നതാണെന്ന്,പോളിക്കുന്നതാണെന്ന്
kollatinu,കൊല്ലത്തിനു,കൊള്ളാട്ന്
heethu,ഹീത്ത്,ഈീത്്
pharmaceuticals,ഫാര്മസ്യൂട്ടിക്കല്സ്,ഫാർമക്ട്ടിക്സി്്്
sthhireekarikkunnu,സ്ഥിരീകരിക്കുന്നു,സ്ഥിരീരകരിക്കുന്നു
paddhathiittuttund,പദ്ധതിയിട്ടുട്ടുണ്ട്,പദ്ധതിതിട്ടുട്ടുണ്ട്
sibberian,സൈബീരിയൻ,സൈബ്രേിയൻ
koottavukayayirunnu,കൂട്ടാവുകയായിരുന്നു,കൂട്ടവുകയായിരുന്നു
kodikalaanengilum,കോടികളാണെങ്കിലും,കൊടികളാണെങ്കിലും
vemaanathinre,വിമാനത്തിന്റെ,വേമാനത്തിന്റെ
avente,അവൻറെ,അവെന്റ
nireeshvaranakamennu,നിരീശ്വരനാകാമെന്ന്,നിരീഷ്വരണകകമെന്ന്്
ganganagar,ഗംഗാനഗര്,ഗംഗങാാർ
athukondathre,അതുകൊണ്ടാത്രെ,അതുകൊണ്ടത്രെെ
pokaaru,പോകാറ്,പോകാരു
maathrubhoomiykkum,മാതൃഭൂമിയ്ക്കും,മാതൃഭുമിയിക്കും
ethhichh,എത്തിച്ച്,എതിഴ്ച്ച്
akola,അകോല,ആകോക
panghal,പന്ഘല്,പങ്ങൾ
thalarnn,തളർന്ന്,തലർന്ന്
browniing,ബ്രൗണിങ്,ബ്രോണിവിങ
thirakkilaayirunnu,തിരിക്കിലായിരുന്നു,തിരക്കിലായിരുന്നു
udaipur,ഉദയ്പുർ,ഉദയപ്പൂർ
kathhikkalilum,കത്തിക്കലിലും,കത്തിക്കളിലും
muscle,മസിൽ,മസ്ക്
athbuthamaayirunnu,അത്ഭുതമായിരുന്നു,അത്ബുതമായിരുന്നു
meriden,മെരിഡൻ,മെറിഡെൻ
kadinjnjaaniduvaanu,കടിഞ്ഞാണിടുവാന്,കടിഞ്ഞിഞ്ഞാനിവുമ
dial,ഡയല്,ഡിയൽ
naadavum,നാദവും,നാടവും
danville,ഡാന്വില്,ഡനവില്ലേ
mulayoottumbozhum,മുലയൂട്ടുമ്പൊഴും,മുലയൂട്ടുമ്പോഴും
manichchechchi,മണിച്ചിചേച്ചി,മണിച്ചെച്ച്ച്ച
pradhan,പ്രധാന്,പ്രധാൻ
vannekkaam,വന്നേക്കാം,വന്നെക്കാം
phutbool,ഫുട്ബോൾ,ഫു്ടൂബ്ൽ
ingram,ഇന്ഗ്രാം,ഇൻഗ്രം
pachaniram,പച്ചനിറം,പച്ചനിരം
independence,ഇന്റിപെന്റൻസ്,ഇന്റേപെണ്ടേങ്ക
raajaasu,രാജാസ്,റാജാസു
braunfels,ബ്രോൺഫെൽസ്,ബ്രൌൻഡെസ്്
methrapolitha,മെത്രാപ്പോലീത്ത,മെത്രപോലിത്ത
eleqtroniqs,ഇലക്ട്രോണിക്സ്,എലിക്ട്രോനിസ്്
spirits,സ്പിരിറ്റ്സ്,സ്പിരിറ്റ്്
atimarichchu,അട്ടിമറിച്ച്,അതിമറിച്ച്ച്
aditi,അദിതി,അഡിതി
rowe,റോവ്,റോവെ
thallunnathayi,തളളുന്നതായി,തള്ളുന്നതായി
herbal,ഹെർബൽ,ഹെബ്ബൽ
kammyoonisavum,കമ്യൂണിസവും,കമ്മൂനിവിസം
wei,വേയ്,യേയ്
podinjnjirangi,പൊടിഞ്ഞിറങ്ങി,പൊടിഞ്ഞിഞ്ഞറിങ
thedunnath,തേടുന്നത്,തെടുന്നത്
krushnnante,കൃഷ്ണന്റെ,കൃഷ്ണന്ന്റ
veliyettam,വേലിയേറ്റം,വെളിയേറ്റം
oppichhathanennum,ഒപ്പിച്ചതാണെന്നും,ഒപ്പിച്ചതതെന്നുംന
geeniyas,ജീനിയസ്,ഗീനിയസ്
foundation,ഫൌണ്ടേഷൻ,ഫൌണ്ടൈഷൻ
allcargo,അൽകാർഗോ,ആൽക്കാർഗ
pathuma,പാത്തുമ,പത്തുമ
kudumbasuthrana,കുടുംബാസൂത്രണ,കുടുംബസുത്രന
brigade,ബ്രിഗേഡ്,ബ്രിബെെ
samadhanamundayirunnu,സമാധാനമുണ്ടായിരുന്നു,സമധനമുണ്ടായിരുന്നു
marpappa,മാർപാപ്പ,മാ്പപ്പ
pathilaayirunnu,പഥിലായിരുന്നു,പതിലായിരുന്നു
panchaangam,പഞ്ചാംഗം,പഞ്ചാങ്ങം
kazhchavekkarullath,കാഴ്ചവെക്കാറുള്ളത്,കഴഴ്ചവെക്കുള്ളത്്
infosys,ഇൻഫോസിസ്,ഇൻഫോസസ്്
nasreen,നസ്റീന്,നസ്രീൻ
pravisya,പ്രവിശ്യാ,പ്രവിസ്യയ
mckay,മക്കേ,മക്കയ്
doon,ഡോണ,ഡൂൻ
cheyyanamennagrahicha,ചെയ്യണമെന്നാഗ്രഹിച്ച,ചെയ്യനമെന്നമിഗ്്ഷ്ച
uddyogasthan,ഉദ്യോഗസ്ഥൻ,ഉദ്യോഗസ്്ഥന
maradile,മരടിലെ,മറാഡിലെ
aadiamokke,ആദ്യമൊക്കെ,ആദിമമൊക്കെ
boleeviya,ബൊളീവിയ,ബോളീവിയ
ithiri,ഇത്തിരി,ഇതിരി
praarththichchu,പ്രാർത്ഥിച്ചു,പ്രാർത്തിച്ചിച
kakshikko,കക്ഷിയ്ക്കോ,കക്ഷിക്കോോ
mani,മണി,മിന
vakrangee,വക്രാംഗീ,വക്കങ്ങീ
see,ഷി,സി
shawnee,ഷാവ്നീ,ഷംവീ
stanton,സ്റ്റാൻടൺ,സ്റ്റണ്ടോൺ
computar,കമ്പ്യൂട്ടർ,കംപ്പൂർട്
sugamamayirikkumennu,സുഗമമായിരിക്കുമെന്നു,സുഗമമായിരിക്കുമെന്ന്
samadhanamuntaayirunnu,സമാധാനമുണ്ടായിരുന്നു,സമധനമുണ്ടായിരുന്നു
vechchittundu,വെച്ചിട്ടുണ്ട്,വെച്ചിച്ചുട്ട്ട
naattil,നാട്ടിൽ,നാറ്റിൽ
pularthhaaruntu,പുലർത്താറുണ്ട്,പുലർത്താതാർുണ്ട
erickson,എറിക്സണ്,എറിക്ക്സോ
magdum,മകുടം,മഗ്ദും
park,പാർക്ക്,പർക്ക്
thompson,തോംപ്സൺ,തോംപ്പോൺ
pacifica,പസിഫിക്ക,പാക്സിഫിക
veey,വേയ്,യീയ്
eleedee,എൽഇഡി,ഏലീഡി
waco,വാകോ,വാക്ക
carlsbad,കാള്സ്ബാഡ്,കാർക്സ്ബഡ്
uthpaadippikkunna,ഉത്പാദിപ്പിക്കുന്ന,ഉത്പാടിപ്പിക്കുന്ന
kudumbathilpetta,കുടുംബത്തിൽപ്പെട്ട,കുടുംബത്തിൽപ്പെട
anubhavangaliludeyum,അനുഭവങ്ങളിലൂടെയും,അനുഭവങ്ങളിലുടെയും
kshanichch,ക്ഷണിച്ച്,ക്ഷണിച്ച്ച
orlando,ഒര്ലാന്ഡോ,ഒർലാണ്ടോ
neelam,നീലം,നീളം
magana,മഗന,മഗാന
jeevithavasanam,ജീവിതാവസാനം,ജീവിതവസനം
vilson,വിൽസൻ,വിൽസോൺ
kutthiveppu,കുത്തിവെപ്പ്,കുത്തിവെപ്പു
ashay,അക്ഷയ്,ആശയ്
protsahippikkunna,പ്രോത്സാഹിപ്പിക്കുന്ന,പ്രോട്ടസിപ്പിക്കുന്ന
barnstable,ബാണ്സ്റ്റേബിള്,ബാർസ്റ്റ്സിലെ
jari,ജെറി,ജറി
ilibhyaraakkiyaanu,ഇളിഭ്യരാക്കിയാണ്,ഇലിഭ്യരാക്കിയാണ്
deshichhathanusarichhulla,ദേശിച്ചതനുസരിച്ചുള്ള,ദേശിച്ചതരുന്റിച്ചുള്ള
sahishnuthayullavarakanam,സഹിഷ്ണുതയുള്ളവരാകണം,സഹിഷ്ണുതയുള്ളവരക്കാം
olail,ഓലയിൽ,ഒലൈൽൽ
malanirakalum,മലനിരകളും,മലനിറകളും
mrinaalini,മൃണാളിനി,മൃനാലിനി
koudiyum,കോടിയും,കൌടിയും
kaiyeri,കയ്യേറി,കൈയേറിി
vilakoduthhu,വിലകൊടുത്തു്,വിലകൊടുത്ത്്
parker,പാര്ക്കര്,പാർക്കർ
sthaapikkunnaththin,സ്ഥാപിക്കുന്നത്തിന്,സ്ഥാപിക്കുന്നതിന്ന്
mathrukaparamaya,മാതൃകാപരമായ,മത്രുകപരമായ
nashik,നാഷിക്,നാിക്ക്
bhattathiriyute,ഭട്ടതിരിയുടെ,ഭട്ടത്തിരിയുട
nag,നാഗ്,ഗ്
suven,സുവേൻ,സെവെൻ
parayunnuntayirunnu,പറയുന്നുണ്ടായിരുന്നു,പറയുന്നുണ്ടയിരുന്നു
pindam,പിണ്ഡം,പിണ്ടം
jalpaiguri,ജല്പായ്ഗുരി,ജൽപ്യഗുരിി
idavelaykk,ഇടവേളയ്ക്ക്,ഇടവേലയ്ക്ക്
shakarikkukayum,ശകാരിക്കുകയും,ശകരിക്കുകയും
lozano,ലോസനോ,ലോകാനോ
varnnaabhamaaya,വർണ്ണാഭമായ,വാർണ്ാഭാായ
aaswadikkam,ആസ്വദിക്കാം,ആസ്വദിക്കം
bruno,ബ്രൂണോ,ബ്രോണോ
dhakshinaafrikkayil,ദക്ഷിണാഫ്രിക്കയിൽ,ധക്ഷിനാർക്കികയിൽൽ
vishamaththilaanenn,വിഷമത്തിലാണെന്ന്,വിഷമത്തിലാലെന്ന്
ithinayulla,ഇതിനായുള്ള,ഇതിനയുള്ളള
varaan,വരാൻ,വാരാൻ
badhakamalla,ബാധകമല്ല,ബദ്ധകമല്ല
chithrikarikkaan,ചിത്രീകരിക്കാൻ,ചിത്രികരിക്കാൻ
pacchaniratthil,പച്ചനിറത്തിൽ,പക്ചനിറത്തിൽ
diskus,ഡിസ്കസ്,ഡിസ്ക്സ്
urtthamamaanu,ഉത്തമമാണ്,ഉർത്തമമാണ്
sveekarichchumaan,സ്വീകരിച്ചുമാണ്,സ്വീകരിച്ചിച്ചുമ
discount,ഡിസ്കൌണ്ട്,ഡിസ്കോൺട്ട്
diamond,ഡയമൻണ്ട്,ഡിമാോണ്ട്
jamekk,ജമൈക്ക,ജമേക്ക്
ashramangalum,ആശ്രമങ്ങളും,അശ്രമംഗങ്ങളു
punaparishodhana,പുനഃപരിശോധനാ,പുനപരിശോഷണ
wood,വൂഡ്,യൂദ്
bombay,ബോംബെ,ബോംബയ്
asiakkaarennum,ഏഷ്യക്കാരെന്നും,അസിക്കാരെന്നും
samaaharichcha,സമാഹരിച്ച,സമാഹരിച്ച്
pourante,പൗരന്റെ,പൌറന്റെ
arambhikkanirikke,ആരംഭിക്കാനിരിക്കെ,അരംഭിക്കാനിരിക്കെ
paripadikalan,പരിപാടികളാണ്,പരിപടികളൻ
otappetalum,ഒറ്റപ്പെടലും,ഒട്ടപ്പെടലും
parayunnundayirunnu,പറയുന്നുണ്ടായിരുന്നു,പറയുന്നുണ്ടയിരുന്നു
prakyapikkappetta,പ്രഖ്യാപിക്കപ്പെട്ട,പ്രക്യപിക്കപ്പെട്ട
mrigam,മൃഗം,മ്ഗീഗ
jack,ജാക്,ജാക്ക
kadhaapaathravum,കഥാപാത്രവും,കഥാപാത്തവരവു
jayvachoranavum,ജൈവചോരണവും,ജയ്വച്ചരനവു
ozhukkunnathinal,ഒഴുക്കുന്നതിനാല്,ഒഴുക്കുന്നതിനാൽ
great,ഗ്രേറ്റ്,ഗ്രീറ്റ്
chiin,ചൈന,ചിയ്
mail,മെയിൽ,യിൽൽ
pithoragarh,പിതോരഗഡ്,പിതോരഗാർ
chhaaya,ഛായ,യായ
kanunnathinu,കാണുന്നതിന്,കണുന്നതിനു്
thota,തോറ്റ,തോട്ട
slokangalum,ശ്ലോകങ്ങളും,സ്ലോകങ്ങളും
sambhavaththethudarnnaan,സംഭവത്തെത്തുടർന്നാണ്,സംഭവത്തെത്തുടർട്ടാൻ
aarokke,ആരൊക്കെ,ആരോക്കെ
dveepilanu,ദ്വീപിലാണ്,ദ്വീപിലന്
sangareddi,സങ്കറെഡ്ഢി,സംഗരേദ്ദിി
alwar,ആള്വാര്,ആൽവാർ
valichetuthu,വലിച്ചെടുത്തു,വലിച്ചെട്ത്ത്
praachiinavum,പ്രാചീനവും,പ്രാചിനിവവു
swakaaryamayirikkano,സ്വകാര്യമായിരിക്കണോ,സ്വകാര്യമായിരിക്കണ്
burnett,ബേണെറ്റ്,ബുർനെറ്റ്
anand,അനന്ത്,അനാന്ദ്
bhattathiri,ഭട്ടതിരി,ഭട്ടത്തിര
russell,റസ്സെല്,റസ്സെൽൽ
yoonivezhsittiyile,യൂണിവേഴ്സിറ്റിയിലെ,യൂനിവേഴ്സിട്ടിയിലെ
indiabulls,ഇന്ത്യാബുൾസ്,ഇന്ദ്യുുസ്ൽ
maastellar,മാസ്റ്റെല്ലര്,മാസ്റ്റെല്ലർ
sahapravarthhakar,സഹപ്രവർത്തകർ,സഹക്രവർത്തകർ
te,ടേ,ടെ
grandhathil,ഗ്രന്ഥത്തിൽ,ഗ്രന്ധത്തിൽ
kodaku,കൊടക്,കോടക്
phaarmasyuttikkal,ഫാർമസ്യൂട്ടിക്കൽ,ഫാർമസസ്റ്റിയ്ക്കൽ
samarmayirunnu,സമരമായിരുന്നു,സമർമയിരുന്നു
teea,ടീ,ടീയ
athikramangalkku,അതിക്രമങ്ങൾക്ക്,അതിക്രമംഗങ്ങ്ക്
meeckii,മിക്കി,മീക്കി
saraikela,സറയ്കേല,സരായേകളല
aropichchath,ആരോപിച്ചത്,അരോപിച്ച്ച്
sanders,സാന്റേര്സ്,സന്ദർസ്
malaiyalam,മലയാളം,മലയയലം
cylinderinu,സിലിണ്ടറിന്,ക്ലിന്ദ്രിന്
kearalam,കേരളം,കീരളം
herrera,ഹെരെര,ഹെറേറ
speis,സ്പേസ്,സ്പെസ്
wandayuteyum,വാൻഡയുടെയും,വണ്ടയുടേയും
kaamakshi,കാമാക്ഷി,കാമക്ഷിി
samsaarikkunnathinu,സംസാരിക്കുന്നതിന്,സംസാരിക്കുന്നതിനു
chin,ചിങ്,ിന്
ennathinekkurichchu,എന്നതിനെക്കുറിച്ച്,എന്നതിനെക്കുറിച്ചുച
ernakulathu,എറണാകുളത്ത്,എർനകുകളത്ത്
mooru,മോര്,മൂറു
saamoohiamaadhyama,സാമൂഹ്യമാധ്യമ,സാമൂഹിമാധ്യമയ
samskaarichathu,സംസ്കരിച്ചത്,സംസ്ക്രിച്ചത്
yaddanapudi,യദ്ധനപുടി,യദ്ദനപുടി
chary,ചേറി,രായ്
sampathilum,സമ്പത്തിലും,സംപത്തിലും
navoththana,നവോത്ഥാന,നവോത്തന
pravesikkunneyilla,പ്രവേശിക്കുന്നേയില്ല,പ്രവേസിക്കുന്നെയില്ല
dutta,ദത്ത,ദുത്
phutball,ഫുട്ബോൾ,ഫുത്ലൽൽ
mandala,മണ്ഡൽ,മണ്ഡല
itavelakalil,ഇടവേളകളിൽ,ഇത്വവേളകളി
rosales,റോസെയിൽസ്,റോസലസ്്്
thrisurileththichchu,തൃശൂരിലെത്തിച്ചു,തൃസുറിലെത്തിച്ചിച
janaralinte,ജനറലിന്റെ,ജനരാലിന്റെ
ithaayirikkanam,ഇതായിരിക്കണം,ഇതാതാരിക്കണം
ea,ഇഎ,ള
deshichchathanusarichchulla,ദേശിച്ചതനുസരിച്ചുള്ള,ദേശിച്ചത്സുറന്ചുറച്ചു
iddalikalaanu,ഇഡ്ഡലികളാണ്,ഇഡ്ദലികളാണ്
aadaraanjalikal,ആദരാഞ്ജലികൾ,ആദരാഞ്ഞലികൾ
vimarsanangal,വിമശനങ്ങൾ,വിമർശനങ്ങൾ
koppula,കോപ്പുല,കൊപ്പുല
staidium,സ്റ്റേഡിയം,സ്റ്റൈഡിയം
bhaashasamaraththil,ഭാഷാസമരത്തിൽ,ഭാഷസമരത്തിത്ത
oricon,ഒറികോണ്,ഒരിക്കോൺ
ibola,എബോള,ഇബോള
ithuvareyum,ഇതുവരെയും,ഇതുവരേയും
yaddanapudi,യധ്ദനപുരി,യദ്ദനപുടി
kelly,കെല്ലി,കെൽി
ailictonik,ഇലക്ട്രോണിക്,ഐലിക്കോണിക്്
vilariya,വിളറിയ,വിലാരിയ
vatakara,വടകര,വതകാര
aetupaadaanu,ഏറ്റുപാടാന്,എട്ടുപാടാണ്
kadinjjaaniduvaanu,കടിഞ്ഞാണിടുവാന്,കടിഞ്ഞാജിനുടേവാണ
jabalpur,ജബല്പുർ,ജബൽപുർ
rajasthan,രാജസ്ഥാന്,രാജസ്ഥന്
panamidapaad,പണമിടപാട്,പണമിടപ്പാട
chorichil,ചൊറിച്ചിൽ,ചോറിച്ചിൽ
vilakayattam,വിലക്കയറ്റം,വിലകയറ്റം
joosaif,ജോസെഫ്,ജൂസൈഫ്
securities,സെക്യൂരിറ്റീസ്,സെക്കുരിറ്റീസ്
chaudhari,ചൌധരി,ചൌധാരി
shrivastava,ശ്രീവാസ്തവ,ശ്വീസസ്വവ
vinon,വിനൊന്,വിനോൺ
ethariyaavunnathukondu,ഇതറിയാവുന്നതുകൊണ്ടു,ഏത്തറിയാകുന്നവർകൊണ്ട
nethakkalkkum,നേതാക്കൾക്കും,നേതക്കൾക്കും
saran,ശരൺ,റാാൻ
ootheloo,ഒഥല്ലോ,ഓതെലോ
sugar,ഷുഗർ,സുഗാർ
avenues,അവെന്യൂസ്,അവെനസ്്്
nilaile,നിലയിലെ,നിലാലെെ
jeevithagunamenma,ജീവിതഗുണമേന്മ,ജീവിതഗുമനമെന്ന
slokathil,ശ്ലോകത്തിൽ,സ്ലോകത്തിൽ
newdelhi,ന്യൂദൽഹിഃ,നെവേഡേലി
orumasam,ഒരുമാസം,ഒരുമസം
najikk,നാജിക്ക്,നജിക്ക്്
athyaadhunika,അത്യാധുനിക,അത്യാധ്നുകി
jaub,ജോബ്,ജൂബ്
arias,ആറിയസ്,അറിയസ്
iraakilum,ഇറാഖിലും,ഇറാകിലും
paataathha,പാറ്റാത്ത,പാതാത്ത
nayaattu,നായാട്ട്,നയാറ്റ്്
jamekan,ജമൈക്കൻ,ജമേകൻ
cube,ക്യൂബ്,ക്ബബ്
wabag,വാബാഗ്,ഗാഗാ
krik,ക്രീക്ക്,ക്രിക്്
mrukangaludeeyum,മൃഗങ്ങളുടെയും,മൃകങ്ങളുടെയും
parisineyaan,പാരീസിനെയാണ്,പരിസിനെയാണ്
thaazhu,താഴ്,താഴു
alakkaanulla,അളക്കാനുള്ള,അലക്കാനുള്ള
balmiki,ബല്മികി,ബാ്മിക്ക
pidikudaan,പിടികൂടാൻ,പിടികുടാൻ
woonsocket,വൂണ്സോക്കറ്റ്,വൂൺസെക്കോട്ട്
kollukayayirunnu,കൊല്ലുകയായിരുന്നു,കൊള്ളുകയറിയിരുന്നു
elevenil,ഇലവനിൽ,ഏലവവേിൽ
tooth,ടൂത്ത്,തോത്്
houseil,ഹൌസിൽ,ഹൌസെൽ
waybhase,വേബേസ്,വയ്സസെ
sachan,സചന്,സച്ചൻ
undaayathinepatiyum,ഉണ്ടായതിനെപ്പറ്റിയും,ഉണ്ടായത്നിടെയിലും
kauthukakaram,കൗതുകകരം,കൌതുകകരം
axis,ആക്സിസ്,ആസിസ്
rakthachamkramanam,രക്തചംക്രമണം,രക്തകാം്പരമണം
bebiyute,ബേബിയുടെ,ബെബിയുടെ
aropanaththe,ആരോപണത്തെ,അരോപണത്തെത
johnpaul,ജോൺപോൾ,ജോഹ്നപു
sradhdhichchath,ശ്രദ്ധിച്ചത്,ശ്രദ്ധിധിച്ച്
kaarpett,കാർപെറ്റ്,കാർപെട്ട്
ddichchukondirunna,ദ്ദിച്ചുകൊണ്ടിരുന്ന,ഡ്ദിച്ചുച്ചുകൊണ്ടിനു
negi,നേഗി,നെഗി
nizamabad,നിസാമബാദ്,നികമാബാദ്
shenoy,ഷിനോയ്,ഷെനോയ്
joyalanu,ജോയലാണ്,ജോയലന്
maranasahacharyangal,മരണസാഹചര്യങ്ങള്,മരണസഹച്ച്യങ്ങൾ
anieyumayi,ആനിയുമായി,അനിയോയമായി
kamalahaasante,കമലഹാസന്റെ,കമലഹസസന്റെ
yasassu,യശസ്സ്,യസസ്സു
sriramengane,ശ്രീറാമെങ്ങനെ,ശ്രീരമെങ്ങനെ
choruun,ചോറൂണ്,ചോറുൻ
kazhivumutta,കഴിവുറ്റ,കഴിവുമുറ്
dan,ഡൺ,ന്
roth,രൂത്ത്,തോത്്
bhashasamaraththil,ഭാഷാസമരത്തിൽ,ഭാഷസമരത്തിൽ
adhya,ആധ്യ,അധ്യ
parisineyaanu,പാരീസിനെയാണ്,പരിസിനെയാണ്
onnundayittalla,ഒന്നുണ്ടായിട്ടില്ല,ഒന്നുണ്ടയിട്ടല്ല
vidyarthhiyude,വിദ്യാർത്ഥിനിയുടെ,വിദ്യർത്ഥിയുടെെെ
nirakkavunnathanu,നിറക്കാവുന്നതാണ്,നിറക്കവുന്നതാണ്
aasramathinte,ആശ്രമത്തിന്റെ,ആസ്രമത്തിന്റെ
unclennod,അങ്കിളെന്നോട്,ഉൻക്ലെന്നോണ്ട്
taipp,ടൈപ്,ടൈപ്പ
karuththutta,കരുത്തുറ്റ,കരുത്തുത്ട
peedippikkukayum,പീഢിപ്പിക്കുകയും,പീഡിപ്പിക്കുകയും
eppozhumundu,ഇപ്പോഴുമുണ്ട്,ഏപ്പോഴുമുണ്ട്
dhivasamaayirunnu,ദിവസമായിരുന്നു,ധിവസമായിരുന്നു
islamikavatkarikkanu,ഇസ്ലാമികവത്കരിക്കാന്,ഇസ്ലമികവറക്കികകകന്
students,സ്റ്റുഡന്റ്സ്,സ്റ്റുഡെന്റ്്
brake,ബ്രേയ്ക്,ബ്രേക്കെ
mcdowell,മക്ഡൊവ്വെല്,മൈക്ബിവിൽൽ
banda,ബന്ദ,ബണ്ഡ
thirumanamedukkum,തീരുമാനമെടുക്കും,തിരുമണമെടുക്കും
doda,ദോദ,ഡോദ
aparna,അപർണ,അപാർണ
vyakthikku,വ്യക്തിയ്ക്ക്,വ്യക്തിക്ക്്
vishwasikkunnavarano,വിശ്വസിക്കുന്നവരാണോ,വിശ്വസിക്കുന്നവരോ
kodaikanal,കൊടൈക്കനാൽ,കൊടാകകണൽ
thamashaparanjal,തമാശപറഞ്ഞാൽ,തമാശപരഞ്ഞൽ
miranda,മിറാന്റ,മിരണ്ട
mukhyamantriyayi,മുഖ്യമന്ത്രിയായി,മുഖ്യമന്ത്രിയയി
asum,എസും,അസും
malariya,മലേറിയ,മലാരിയ
thares,തെരേസ,താരസ്
molina,മൊലിന,മോളിന
jeevithaavasanam,ജീവിതാവസാനം,ജീവിതാവസനം
jay,ജയ്,യ്
prasnangalund,പ്രശ്നങ്ങളുണ്ട്,പ്രസ്നങ്ങളുണ്ട്
mooppu,മൂപ്പ്,മൂപ്പു
sarawagi,സർവാങ്കി,സരവാഗി
thaandy,താണ്ടി,താന്ദി
labhichu,ലഭിച്ച്,ലഭിച്ചു
divasamane,ദിവസമാണ്,ദിവസമനെ
vakkukale,വാക്കുകളെ,വക്കുകളെ
sadharanamayirunnathum,സാധാരണമായിരുന്നതും,സധാരണമായിരുന്നതും
kidangu,കിടങ്ങ്,കിടങ്ങു
quintero,ക്വിന്ടെറോ,ക്ലേന്റോരോ
aavashiangalanennum,ആവശ്യങ്ങളാണെന്നും,ആവശിഗങ്ങളെന്നും
americakkareppole,അമേരിക്കക്കാരെപ്പോലെ,അമേറിക്കപ്പെടൊപ്പോലെ
strin,സ്ട്രിംഗ്,സ്ട്രീൻ
pearson,പിയേസൺ,പീർസോൺ
sradhdhikkathe,ശ്രദ്ധിക്കാതെ,ശ്രദ്ധിധ്ക്കാത
pruitt,പ്രൂവിറ്റ്,പ്രൂട്ട്്
pasupuleti,പസുപുലേതി,പസുപുലെത്ത
eg,എഗ്,്
ronaldoo,റൊണാൾഡോ,റോണാലൂബ്
diibag,ഡീബഗ്,ദിബബ്
staandimgu,സ്റ്റാൻഡിംഗ്,സ്റ്റാൻഡിംഗു
veliyetam,വേലിയേറ്റം,വെളിയേറംം
gomashe,ഗംശീ,ഗോമാശ
thhunnundayirunnu,ത്തുന്നുണ്ടായിരുന്നു,തുന്നുണ്ടയിരുന്നു
brentwood,ബ്രെന്റ്വുഡ്,ബ്രെന്റ്വൂർഡ്
varnaabhamaaya,വർണ്ണാഭമായ,വർണാഭഭമായ
pournami,പൗർണ്ണമി,പൌർണമി
hiroosima,ഹിരോഷിമ,ഹിരൂസിമ
prasidantayirunnu,പ്രസിഡന്റായിരുന്നു,പ്രസിഡന്ററിയിരുന്നു
thanathu,തനതു,തനത്ത
ellaatheyum,ഇല്ലാതെയും,എല്ലാതെയും
pottikkunnathinal,പൊട്ടിക്കുന്നതിനാല്,പൊട്ടിക്കുന്നതിനാൽ
akaaunt,അക്കൗണ്ട്,അകാരുണ്ട്
nadaththaaru,നടത്താറ്,നടത്താത്ര
agendakal,അജണ്ടകൾ,അഗെണ്ടകൾ
thrissurileththichchu,തൃശൂരിലെത്തിച്ചു,തൃശുസിലെത്തിച്ചിച
kowr,കൌർ,കോർ
anusarichukondan,അനുസരിച്ചുകൊണ്ടാണ്,അനുസരിച്ചുകൊണ്ടാൻ
jeevikkunnathenkil,ജീവിക്കുന്നതെങ്കില്,ജീവിക്കുന്നതെങ്കിൽ
hath,ഹീത്ത്,ഹത്്്
sasanka,ശശാങ്ക,സസാക്ക
zemaican,ജമൈക്കൻ,ഫെമൈക്കാ
ausepp,ഔസേപ്പ്,ആസെപ്പ്
woodbury,വുഡ്ബറി,വൂഡ്ബുരി
world,വേള്ഡ്,വോർഡ്ഡ്
vilkaan,വില്ക്കാൻ,വിൽകാൻ
bhushan,ഭൂഷണ്,ഭുഷൻ
lakeland,ലേക്ക്ലാന്ഡ്,ലാകേലാഡ്്്
stediyathilaanu,സ്റ്റേഡിയത്തിലാണ്,സ്റ്റേറിയതിലാണ്
theerezhuthikkoduthum,തീറെഴുതിക്കൊടുത്തതും,തീരേഴുതിക്കൊഴുത്തും
policeum,പോലീസും,പോളിസ്കു
kaavikkodiyumpidiccha,കാവിക്കൊടിയുംപിടിച്ച,കാവിക്കൊടിയിലുമ്പിച്ച
vidagdhar,വിദഗ്ധർ,വിദഗ്ദർ
cubayil,ക്യൂബയിൽ,ക്ബയയിൽൽ
liberty,ലിബർട്ടി,ലിബേർട്ടി
cheyyu,ചെയ്യൂ,ചെയ്യു
ottappedalum,ഒറ്റപ്പെടലും,ഒട്ടപ്പെടലും
neetan,നീട്ടാൻ,നീതൻ
kulal,കുലാല്,കുലൽൽ
itharasamsthana,ഇതരസംസ്ഥാന,ഇത്രസസംസനന
dhar,ഥാർ,ർ
kuttavimukthanakki,കുറ്റവിമുക്തനാക്കി,കുറ്റവിമുക്തനക്കി
pidichunirthana,പിടിച്ചുനിർത്താന,പിടിച്ചുന്ർത്തന
visuddhi,വിശുദ്ധി,വിസുദ്ധി
valiv,വലിവ്,വാലിവ്
pothukaryamanthri,പൊതുകാര്യമന്ത്രി,പൊതുകര്യമന്ത്രി
addhehaththinoppamulla,അദ്ദേഹത്തിനൊപ്പമുള്ള,അദ്ധേഹത്തിന്നൊപ്പമുള്
sayen,സയേൺ,സെയ്
ddheshichhathinalanu,ദ്ദേശിച്ചതിനാലാണ്,ദ്ദേശിച്ചതിനിലാണ്
falls,ഫാള്സ്,ഫൽലസ്്
astar,ആസ്റ്റർ,അസ്ടർ
vaarthaavinimaya,വാർത്താവിനിമയ,വാർത്താവിനിമായ
mulappichu,മുളപ്പിച്ച്,മുളപ്പിച്ചു
hendricks,ഹെന്ഡ്രിക്സ്,ഹെന്ദിക്സ്സ്
kaanunnathinu,കാണുന്നതിന്,കാണുന്നതിനു
chindikkunna,ചിന്തിക്കുന്ന,ചിന്ദിക്കുന്ന
srushtikkanum,സൃഷ്ടിക്കാനും,ശൃഷ്ടിക്കണും
peru,പേരു്,പേരു
charchchakk,ചർച്ചക്ക്,ചർച്ച്ചക്ക
dutiyayathukond,ഡ്യൂട്ടിയായതുകൊണ്ട്,ദുറ്യയയത്തുകൊണ്ട്്
sengar,സെന്ഗര്,സെംഗാർ
vaeei,വേയ്,യീയ്
equipment,എക്യുപ്മെന്റ്,എക്രൂപ്മെന്റ്
kappanparanjathithan,കാപ്പൻപറഞ്ഞതിതാണ്,കപ്പനപ്പണി്ധത്താണ്
qwair,കയർ,ക്വെ
taeresa,തെരേസ,തീരേസ
karullathayi,കാറുള്ളതായി,കരുള്ളതായി
pindunachchu,പിന്തുണച്ച്,പിണ്ടുനഞ്ച്
rectifiers,റെക്റ്റിഫയേഴ്സ്,റിക്ടിഫ്സർ
bharatpur,ഭരത്പൂർ,ഭാരപ്പൂർ
degre,ഡിഗ്രി,ഡെഗ്രെ
marangale,മരങ്ങളെ,മാങങ്ങളെ
labhichathinu,ലഭിച്ചതിനു,ലഭിച്ചതിന്
chinayaan,ചൈനയാണ്,ചിനയാണ്
gooveend,ഗോവിന്ദ്,ഗൂവീണ്ട്
aapukal,ആപ്പുകൾ,ആപുകൾൽ
lauk,ലോക്ക്,ലൂക്ക്
valyappachchaykku,വെല്യപ്പച്ചയ്ക്ക്,വല്യപ്പച്ചയ്ക്ക്്
pravarththikkukayaan,പ്രവർത്തിക്കുകയാണ്,പ്രവർത്തിക്കികുകയാണ
heath,ഹീത്ത്,ഹേത്്
jayasankar,ജയശങ്കർ,ജയസാക്കർ
ayster,ആസ്റ്റർ,ആസ്സ്റ്റ
aanukulyangalum,ആനുകൂല്യങ്ങളും,ആനുകുല്യങ്ങളും
zosaiph,ജോസെഫ്,ഫോസൈഫ്
pullu,പുല്ലു,പുള്ളു
agrahame,ആഗ്രഹമേ,അഗ്രഹമേ
ramgaththuvannath,രംഗത്തുവന്നത്,രംഗത്വുത്നന്നത
irnakulam,എറണാകുളം,ഇന്നകുളം
athyanthika,ആത്യന്തിക,അത്യന്തിക
siiberiiann,സൈബീരിയൻ,സിബേരിജിയ
thirakkilayirunnu,തിരിക്കിലായിരുന്നു,തിരക്കിലായിരുന്നു
paurnnami,പൗർണ്ണമി,പൌർണ്ണമി
thiranjnjeduppilum,തിരഞ്ഞെടുപ്പിലും,തിരഞ്ഞഞ്ഞെടുപ്പില
nagaland,നാഗാലാന്ഡ്,നഗാലാണ്ട്്
kalaashikkumennathinaal,കലാശിക്കുമെന്നതിനാല്,കലാശിക്കുമെന്നതിനാൽ
koottaaimakaluyar,കൂട്ടായ്മകളുയര്,കൂട്ടാമികളുമാര്
nano,നാനോ,നോനോ
nadi,നടി,നഡി
pidikoodanum,പിടികൂടാനും,പിടികൂടനും
standimg,സ്റ്റാൻഡിംഗ്,സ്റ്റണ്ടിഗ്
atlantic,അറ്റ്ലാന്റിക്,അറ്ലാന്റിക്്
paraathiyil,പരാതിയിൽ,പരാത്യിൽ
vimaanaraanchal,വിമാനറാഞ്ചൽ,വിമാനരാർച്ചൽ
liizzii,ലിസി,ലിയ്ക
mayyanadu,മയ്യനാട്,മയ്യനടന്
picoo,പൈകോ,പിക്ക
bodhyam,ബോദ്ധ്യം,ബോധ്യം
samuhathe,സമൂഹത്തെ,സമുഹത്തെ
stanleei,സ്റ്റാൻലി,സ്റ്റല്ലീ
kamarhati,കമർഹാട്ടി,കമറാത്ിി
tariiq,താരിഖ്,ത്രിയ്ക
seshamaayirikkum,ശേഷമായിരിക്കും,സേഷമായിരിക്കും
chembond,ചെമ്പോണ്ട്,ചെമ്പൊണ്ട്
ronaaldo,റൊണാൾഡോ,റോണാല്്ോ
jary,ജെറി,ജർയ്
brennan,ബ്രണ്ണന്,ബ്രെന്നാൻ
yethippedunna,എത്തിപ്പെടുന്ന,യേതിപ്പെടുന്ന
vinood,വിനോദ്,വിനൂട്
kurannjathum,കുറഞ്ഞതും,കുറഞ്ഞത്തു
newdelhi,ന്യൂഡൽഹിഃ,നെവേഡേലി
chaththudaniriyaay,ചത്തുടനോരിയായ്,ചത്തുദ്ിരിയായി
bhandharikkaayi,ഭണ്ഡാരിക്കായി,ഭന്ധരിക്കായിി
aany,ആനി,യ്യ
tey,ടീ,േയ്
damodaranta,ദാമോദരൻറ,ദമോദരന്റ
padavi,പദവി,പദവവി
wiinyl,വിനൈൽ,വിന്യി
hazaribag,ഹസാരിബാഗ്,ഹാാരിബബ്്
carullathayi,കാറുള്ളതായി,കാരുള്ളതായി
parathippettu,പരാതിപ്പെട്ടു,പരതിപ്പെട്ട്്
yethukayum,എത്തുകയും,യേതുകയും
ththashraddhayil,ത്തശ്രദ്ധയില്,ത്തശ്രദ്ധ്യയിൽ
silindarinu,സിലിണ്ടറിന്,സിലിന്ദറിന്
parishodhikkukayanennu,പരിശോധിക്കുകയാണെന്നു,പരിശോധിക്കുകയെന്ന്്
bharat,ഭാരത്,ഭരത്്
anumathipathram,അനുമതിപത്രം,അനുമതിപ്തരം
groupaanu,ഗ്രൂപ്പാണ്,ഗ്രൂപാണ്
naalppath,നാൽപത്,നാൽപ്പത
badhayuntayi,ബാധയുണ്ടായി,ബദ്ധയുണ്ടായി
vishwasathinte,വിശ്വാസത്തിന്റെ,വിശ്വസത്തിന്റെെ
chhateja,ഛതേജ,ചതേജ
abhinandichchu,അഭിനന്ദിച്ചു,അഭിനന്ഞിച്ച്ച
owfiicar,ഓഫീസർ,ഓജിജിക
patterson,പാറ്റേർസണ്,പാട്ടർഷ്്
siel,സീല്,സെൽൽ
pakarchcha,പകർച്ച,പകർച്ച്
dhaka,ധാക്ക,ഷാകക
kayrayude,കെയ്റയുടെ,കയ്റയുടെെ
orayiram,ഒരായിരം,ഒരയിരം
vey,വേയ്,യേയ്
druthiyilumayippoyi,ധൃതിയിലുമായിപ്പോയി,ദൃത്യിയുമിയപ്പെയിയ
robins,റോബിന്സ്,റോബിന്്
stein,സ്റ്റെയ്ന്,സ്റ്റെന്്
yogangngalil,യോഗങ്ങളിൽ,യോഗങ്ങങ്ങള
phyuudal,ഫ്യൂഡൽ,ഫ്യൂടൽ
thalasthhaanaththu,തലസ്ഥാനത്ത്,തലസ്ഥാനത്തുത
singam,സിങ്കം,സിങ്ങം
pravachakarude,പ്രവാചകരുടെ,പ്രവചകരുടെെ
mumbai,മുംബൈ,മുംബായ
eppozhum,ഇപ്പോഴും,ഏപ്പോഴും
hajarakkanam,ഹാജരാക്കണം,ഹാജരക്കണം
crane,ക്രെയിന്,ക്രാനെ
colur,കളർ,കോളർ
nagpur,നാഗ്പുർ,നഗ്പൂർ
sreeniivasan,ശ്രീനിവാസൻ,ശ്രീനിവസസ്
papers,പേപ്പേർസ്,പാപ്രസ്്
atmahathyayeyalla,ആത്മഹത്യയെയല്ല,അത്മഹത്യയേയയല്ല
suzlon,സുസ്ലോൺ,സുല്ലോൺ
pereddy,പെറെഡ്ഡി,പേരേഡ്ി
niyamanirmaanam,നിയമനിർമാണം,നിയമനിർമാനം
kharagpur,ഖരഗ്പുർ,ഖാരഗ്പൂർ
alexander,അലക്സാണ്ടർ,ആലസ്കേന്ദർ
ray,റേ,യയ്
casey,കാസി,കസെയ്
pankaliyaya,പങ്കാളിയായ,പങ്കലിയയയ
pracharana,പ്രചരണ,പ്രചാരണ
nirmithamaayirunnu,നിർമ്മിതമായിരുന്നു,നിർമിതമായിരുന്നു
karuth,കരുത്ത്,കരുത്്
kriya,കിയ,ക്രി
sthriykku,സ്ത്രീയ്ക്ക്,സ്ത്രിയ്ക്ക്
tharesa,തെരേസ,തരേസ
rashtraputhriyayi,രാഷ്ട്രപുത്രിയായി,രാഷ്ട്രപുത്രിയി
rajngikk,രാജ്ഞിക്ക്,രജജ്ിക്ക്്
raajathangamennu,രാജതങ്കമെന്ന്,രാജത്്ങ്മമെന്ന
bharanakalamaayirunnennu,ഭരണകാലമായിരുന്നെന്ന്,ഭരണകളായമായിരുന്നെന്ന്
haaroon,ഹാറൂൻ,ഹാരൂൺ
athin,അതിന്,അതിൻ
panamitapaat,പണമിടപാട്,പനമിറപ്പാട
paththuthoonukal,പത്തുതൂണുകള്,പത്തുതുതുകുകൾ
seshasayee,സെഷസായീ,സേശസയയയി
sosaittikku,സൊസൈറ്റിക്ക്,സോസൈറ്റിക്ക്
praachiina,പ്രാചീന,പ്രാചിനി
onaaghosham,ഓണാഘോഷം,ഒനാഘോഷം
barai,ഭരായ്,ബറായി
thudarunuvenkilum,തുടരുന്നുവെങ്കിലും,തുടരുനുവെങ്കിലും
yusoof,യൂസഫ്,യുസൂഫ്
mirza,മിർസ,മിറ്ക
agrahikkunnavarkku,ആഗ്രഹിക്കുന്നവർക്ക്,അഗ്രഹിക്കുന്നവർക്ക്
asiakkarennum,ഏഷ്യക്കാരെന്നും,അസിക്കാരെന്നും
thelinjnjathu,തെളിഞ്ഞത്,തെളിഞ്ഞിഞ്
benjamintesent,ബഞ്ചമിന്റെസെന്റ്,ബെഞ്ചമിന്റേസ്ന്്
eththarakkaare,ഇത്തരക്കാരെ,എത്തരർക്കാരെ
prathikshichchuvenn,പ്രതീക്ഷിച്ചുവെന്ന്,പ്രതിക്ഷിച്ചുവെന്ന്
atich,അടിച്ച്,അറിച്ച്
jamyaapekshayil,ജാമ്യാപേക്ഷയിൽ,ജമ്യാപേക്ഷിയൽൽ
pinvalichathu,പിൻവലിച്ചത്,പിൻവളിച്ചത്
thokku,തോക്ക്,തോക്കു
amerikakkaareppole,അമേരിക്കക്കാരെപ്പോലെ,അമേരികക്കാരെപ്പോലെോ
samarppikkam,സമർപ്പിക്കാം,സമർപ്പിക്കം
subex,സുബെക്സ്,സബബ്ക്്
bykkileththiya,ബൈക്കിലെത്തിയ,ബിക്കിലെത്തിയ
navajaatha,നവജാത,നവാജാത
annapolis,അനപൊലിസ്,ആന്നപോലിസ
pasaakumennaanu,പാസാകുമെന്നാണ്,പസാകുമെന്നാണ്
vishwasathin,വിശ്വാസത്തിന്,വിശ്വസത്തിന്
gujarat,ഗുജറാത്ത്,ഗുജരത്ത്്
shathilekk,ഷതിലെക്ക്,ശത്തിലേക്ക
navsari,നവ്സാരി,നസ്വരി
scariathomasum,സ്കറിയാതോമസും,സ്കാരായതോസമും
pariharangalude,പരിഹാരങ്ങളുടെ,പരിഹരങ്ങളുടെെ
vadhashikshaye,വധശിക്ഷയെ,വധശിഷ്കയെ
indira,ഇന്ദിരാ,ഇന്ദിര
somany,സൊമെനി,സോമാന്
thiirumaanichchu,തീരുമാനിച്ചു,തിരുമാനിച്ചിച
thumb,തുമ്പ്,മുംബ്്
samaharicha,സമാഹരിച്ച,സമഹരിച്ച
roocket,റോക്കറ്റ്,റൂക്കെറ്റ്
mrukangalilum,മൃഗങ്ങളിലും,മൃകങ്ങളിലും
siinhaal,സിംഹള,സിഹ്നാ
dart,ഡാർട്ട്,ദർത്ത്്
cheyyunnathilude,ചെയ്യുന്നതിലൂടെ,ചെയ്യുന്നതിലിടെ
karuthulla,കരുത്തുള്ള,കരുതുള്ളള
nandanwar,നന്ദവാർ,നന്ദന്വർ
abhyoohangngal,അഭ്യൂഹങ്ങൾ,അഭ്യൂഹങ്ങുങ
mannathth,മന്നത്ത്,മണ്ണത്ത്
jadhaya,ജാഥയ,ജദ്ധയ
metanja,മെടഞ്ഞ,മെറ്റഞ്
maranathhinodoppam,മരണത്തിനോടൊപ്പം,മരണത്തിനൊടൊപ്പം
pralayakalath,പ്രളയകാലത്ത്,പ്രളയകലത്ത്്
sthapikkunnathin,സ്ഥാപിക്കുന്നത്തിന്,സ്ഥപിക്കുന്നതിന്്
manoharamayirunnuvenna,മനോഹരമായിരുന്നുവെന്ന,മനോഹരമായിരുന്നെവെന്ന
strongsville,സ്ട്രോംഗ്സ്വില്,സ്റ്റോങ്വ്വില്ലെ
castro,കാസ്ട്രോ,കസ്ത്രോോ
dakshinafrikkayum,ദക്ഷിണാഫ്രിക്കയും,ദക്ഷിനർചിര്ക്കയും
onnuntayittalla,ഒന്നുണ്ടായിട്ടില്ല,ഒന്നുണ്ടയിട്ടല്ല
seide,സീദ്,സെയ്ഡ
mahajan,മഹാജന്,മഹാജൻ
thaankalkku,താങ്കൾക്ക്,താങ്കൾക്കു
pouranum,പൗരനും,പൌരനും
kadhayaanathu,കഥയാണത്,കഥയാണത്ത
andhra,ആന്ധ്ര,അൻദ്ര
kazhikkanamenne,കഴിക്കണമെന്നേ,കഴിക്കണമെന്നെ
thumbu,തുമ്പ്,തുമ്പു
yogaachaaryanmaar,യോഗാചാര്യന്മാർ,യോഗാചാർയ്നന്മാർ
aakaanthathayum,ഏകാന്തതയും,ആകാന്തതയും
illathakum,ഇല്ലാതാകും,ഇല്ലാത്തും
wathore,വാത്തോർ,വത്തൊരെ
treeyandhatha,ട്രീയാന്ധത,ത്രീയന്ധ്ത
daune,ഡൺ,ദൌന
avasaramundayirikkum,അവസരമുണ്ടായിരിക്കും,അവസരരുമുണ്ടായിരിക്കു
maasaarambhathinu,മാസാരംഭത്തിനു,മാസാരംഭത്തിന്
vishwasikkunnavaraanavar,വിശ്വസിക്കുന്നവരാണവർ,വിശ്വസിക്കുന്നവരാണവര്
suffolk,സഫോൾക്,സഫ്ലോൾക
barry,ബേറി,ബർരി
shatriya,ക്ഷത്രിയ,ശത്രിയയ
villow,വീതം,വില്ല
varga,വർഗ,വർഗാ
panjchaamgam,പഞ്ചാംഗം,പഞ്ഞ്ചാംം
patil,പാട്ടില്,പ്റിൽൽൽ
gaurii,ഗൗരി,ഗൌറിയ
ladiz,ലേഡീസ്,ലാഡിൽ
eettiveerapaalayam,ഈട്ടിവീരപാളയം,ഈട്ടിവീരപാലയം
paadasekharasamithikku,പാടശേഖരസമിതിക്കു,പാദസേഖരമിസമിക്ക്
chathyartthil,ചത്വരത്തിൽ,ചത്യർത്തിൽ
bordar,ബോർഡർ,ബോർഡാർ
karuthiyan,കരുതിയാണ്,കരുതിയൻ
palliyilekkanu,പള്ളിയിലെക്കാണു,പള്ളിയിലേക്കാണ്
vangathirunnathinulla,വാങ്ങാതിരുന്നതിനുള്ള,വങ്ങതിതുന്നതിനുള്ളള
samghangngalude,സംഘങ്ങളുടെ,സംഘങ്ങങ്ങളു
theerees,തെരേസ,തീരീസ്
avalokanangal,അവലോകനങ്ങൾ,അവളോകണങ്ങൾ
deleon,ഡെലെയോന്,ഡെലീൻ
nirddeshichchirunnu,നിർദ്ദേശിച്ചിരുന്നു,നിർദ്ദേശിച്ചിരിരുന്ന
ozhukkunnathinaal,ഒഴുക്കുന്നതിനാല്,ഒഴുക്കുന്നതിനാൽ
adyrashyamaaya,അദൃശ്യമായ,അദ്യ്രശ്യമ
aoupachaarikamaayi,ഔപചാരികമായി,ആപുചാരകിമായി
nalkumna,നല്കുംന,നൽകുമണ
pulartharund,പുലർത്താറുണ്ട്,പുലർത്തറുണ്ട്്
nyoosayi,ന്യൂസായി,ന്യൂസയി
primary,പ്രൈമറി,പ്രിമാരി
enimuthal,ഇനിമുതൽ,എനിമുതൽ
avasanichathaayi,അവസാനിച്ചതായി,അവസനിച്ചതായി
vayarlas,വയർലസ്,വയാർലസ്
texas,ടെക്സാസ്,ടെക്സസ്
velyappachchaikk,വെല്യപ്പച്ചയ്ക്ക്,വെള്യപ്ചച്ച്ച്ക്ക്
gayatri,ഗായത്രി,ഗയത്രി
rekhaayanam,രേഖായനം,രേഖായണം
prathikarichcha,പ്രതികരിച്ച,പ്രതികരിച്ച്
andee,ആൻഡി,അൻഡീ
iyide,ഈയിടെ,ഇയിടെ
pravarthhikkanum,പ്രവർത്തിക്കാനും,പ്രവർത്തിക്കന്നും
sanghvi,സങ്കവി,സംംവി
pattiyathaan,പറ്റിയതാണ്,പട്ടിയതാണ്
timken,ടിംകെന്,ടിംകെ
modesto,മൊഡെസ്റ്റോ,മോഡസ്റ്റോോ
ajerbejaan,അസർബെയ്ജാൻ,അജേർജേജാൻ
mareekka,മറീക്ക,മരീക്ക
poleyakkuka,പോലെയാക്കുക,പോളെയാക്കുക
galaxykk,ഗാലക്സിയ്ക്ക്,ഗാലസ്ക്ക്ക്്
mahaadeevaksheethram,മഹാദേവക്ഷേത്രം,മഹാദീവകേഷ്ത്രം
earaqi,ഇറാഖി,ഏറാക്ക
chickenekkurichhu,ചിക്കനെക്കുറിച്ച്,ചിക്കേനെക്കുറിച്ച്
kampyoottar,കമ്പ്യൂട്ടർ,കംപ്യൂട്ടർ
kavilinayilu,കവിളിണയില്,കവിലിനയില്
krooshikkappetta,ക്രൂശിക്കപ്പെട്ട,ക്രൂഷിക്കപ്പെട്ട
cherkkappedanum,ചേർക്കപ്പെടാനും,ചേർക്കപ്പെടനും
diiviison,ഡിവിഷൻ,ഡിവിയോസ
melleppokkukaranu,മെല്ലെപ്പോക്കുകാരാണ്,മെല്ലെപ്പോക്കുറരാണ്
kudumbaasuutranna,കുടുംബാസൂത്രണ,കുടുംബാസുത്രന്
charakku,ചരക്ക്,ചരക്കു
diskound,ഡിസ്കൌണ്ട്,ഡിസ്കൊണ്ട്
aiadmk,എഐഎഡിഎംകെ,ഐയഡ്ക്്്
srishtikkaanum,സൃഷ്ടിക്കാനും,ശൃഷ്ടിക്കാനും
chithratthilulla,ചിത്രത്തിനുള്ള,ചിത്രത്തിലുള്ള
atisthaanamaakkiya,അടിസ്ഥാനമാക്കിയ,അതിസ്ഥാനമാക്കിയ
ayalrajyangalkku,അയൽരാജ്യങ്ങൾക്കു,അയൽരജ്യങ്ങൾക്ക്്
atkins,അറ്റ്കിന്സ്,അഡിക്സ്്്
srushttikkaanum,സൃഷ്ടിക്കാനും,ശൃഷ്ടിക്കാനും
sreenivas,ശ്രീനിവാസ്,ശ്രീനിവസ്
pariikshaa,പരീക്ഷാ,പരിയിക്ഷ
karthavum,കർത്താവും,കർത്തവും
nashtamaayittundavaam,നഷ്ടമായിട്ടുണ്ടാവാം,നഷ്ടമായിട്ടുണ്ടാവം
mmikapinthunayum,മ്മികപിന്തുണയും,മിമികപ്പുന്നയും
sambhashanaththil,സംഭാഷണത്തിൽ,സംഭശനത്തിൽൽ
bhakshanavibhavangal,ഭക്ഷണവിഭവങ്ങൾ,ഭക്ഷണവിധാങങ്ങൾ
zoones,ജോൺസ്,ഫൂണസ്
missail,മിസ്സൈൽ,മിസ്സൽൽ
dixon,ഡിക്സൺ,ഡിക്കോൺ
alakkuvaan,അളക്കുവാൻ,അലക്കുവാൻ
shithilamaakunnathode,ശിഥിലമാകുന്നതോടെ,ശിതിലമാകുന്നതോടെ
aththaraththiloru,അത്തരത്തിലൊരു,അത്തരത്തിതിലൊര
udyogastharum,ഉദ്യോഗസ്ഥരും,ഉദ്യോഗസ്തരും
undayirunnengil,ഉണ്ടായിരുന്നെങ്കിൽ,ഉണ്ടയിരുന്നെങ്കിൽ
tewari,തെവാരി,ടെവാരി
pahaadeevaksheethram,മഹാദേവക്ഷേത്രം,പഹാദീവകേഷ്ത്രം
sparsham,സ്പർശം,സ്പർശശം
darbhanga,ദർബാങ്ങ,ദർർഭങ്ങ
kodukal,കോഡുകൾ,കൊടുകൾ
raajaa,രാജാ,റാജാ
prashanthi,പ്രശാന്തി,പ്രശന്തിി
silinderinu,സിലിണ്ടറിന്,സിലിന്ദേരിന്
ttuntaayirunnath,ട്ടുണ്ടായിരുന്നത്,ട്റുണ്ടായിരുന്നത്
varayum,വരയും,വാരയും
qataril,ഖത്തറിൽ,കടററിൽൽ
punarulppadanavumayi,പുനരുൽപ്പാദനവുമായി,പുനരുുപ്പടവുണമായി
ashraf,അഷറഫ്,ആശ്രാഫ
vyakhyanangalilanu,വ്യാഖ്യാനങ്ങളിലാണ്,വ്യഖ്യണങ്ങളിലാണ്
stanlii,സ്റ്റാൻലി,സ്റ്റൽലിി
abhinayarangangal,അഭിനയരംഗങ്ങള്,അഭിനയരങ്ങങ്ങൾ
prathishedhakkar,പ്രതിഷേധക്കാർ,പ്രതിഷേധക്കർ
golden,ഗോള്ഡെന്,ഗോൾഡ്ടെ
thurassaaya,തുറസ്സായ,തുരസ്സായ
dabbu,സബ്ബ്,ദബ്ബു
riyaad,റിയാദ്ഃ,റിയാദ്
ithrayumkooduthalu,ഇത്രയുംകൂടുതല്,ഇത്രയുക്കുടത്ത്
petirunnillennu,പെട്ടിരുന്നില്ലെന്ന്,പെടിരുന്നില്ലെന്ന്്
stokes,സ്റ്റോക്ക്സ്,സ്റ്റോക്സ്
vishamathilanennu,വിഷമത്തിലാണെന്ന്,വിഷമത്തിലനെന്ന്്
apparels,അപ്പാരൽസ്,ആപ്പറേൽസ്
stakeulla,സ്റ്റേക്കുള്ള,സ്റ്റകേലുള്ള
pinvalicchu,പിൻവലിച്ചു,പിൻവളിക്ച്ച
vidyarthhinikal,വിദ്യാർത്ഥിനികൾ,വിദ്യർത്തിനികൾ
kalamayi,കാലമായി,കലമായി
koodiyanu,കൂടിയാണു,കൂടിയന്
bakshanavibhavangngal,ഭക്ഷണവിഭവങ്ങൾ,ബക്ഷണവിധാങങ്ങ്
shahid,ഷഹിദ്,ഷാഹദ്
berg,ബെര്ഗ്,ബർബ്
vakayayithhanne,വകയായിത്തന്നെ,വകയയിത്തന്നെെ
pinvalicchathote,പിൻവലിച്ചതോടെ,പിൻവളിക്ചച്ചതോ
vishwasikalkku,വിശ്വാസികൾക്ക്,വിശ്വസികൾക്ക്്
viswasam,വിശ്വാസം,വിശ്വസം
sfodana,സ്ഫോടന,സ്ഫോണന
guideukal,ഗൈഡുകൾ,ഗുഡെയുക
aleem,അലീം,ആലീം
pattiyo,പറ്റിയോ,പട്ടിയോ
morales,മൊറെയിൽസ്,മൊറലേസ്്
sitaram,സീതാറാം,സിതറതം
chaalsu,ചാൾസ്,ചാൽസു
cantabary,കാന്റബറി,കാന്റബ്രി
parathiyundu,പരാതിയുണ്ട്,പരതിയുണ്ട്്
chandrapur,ചന്ദ്രപൂർ,ചന്ദ്രപ്പൂ
asura,അസൂറ,അസുര
nizamat,നിസാമത്,നികമത്്
citizen,സിറ്റിസൺ,കിറ്റിസെൻ
powers,പവേർസ്,പെവർസ്
nanavumaaraaththa,നനവുമാറാത്ത,നാവുമാരാത്ത്
deseeya,ദേശീയ,ദീശീയ
pehowa,പെഹോവ,പെസോവ
shiruthaykal,ശിറുതൈകൾ,ശിരുതയ്കൾ
adity,അദിതി,അഡിത്
mckenzie,മക്കെൻസി,മക്കൻസി
tunnelumayi,ടണലുമായി,ടുന്നെലുമ
clarita,ക്ലരിട,ക്ലാറിറ
mruka,മൃഗ,മ്ക
gawasiyaaya,ഗവാസിയായ,ഗവസിയായയ
ronalldo,റൊണാൾഡോ,റോണല്ലോഡ
vilaykku,വിലയ്ക്കു,വിളയ്ക്ക്
rosario,റെസാരിയോ,റോസറിയോ
vallikalil,വള്ളികളിൽ,വല്ളികളിൽ
corp,ക്രോപ്,പോർപ്പ്
kondirikkunnatthu,കൊണ്ടിരിക്കുന്നത്,കൊണ്ടിരിക്കുന്നത്ത
guatimalayil,ഗ്വാട്ടിമാലയിൽ,ഗ്യാതിമയിൽൽൽ
silpam,ശില്പം,സിൽ്പം
orchha,ഓര്ച്ച,ഒർച്ചച
ithihasikamaya,ഐതിഹാസികമായ,ഇതിഹസികമായ
eranakulathu,എറണാകുളത്ത്,ഇറനാകുളത്ത്
puthappu,പുതപ്പ്,പുതപ്പു
longview,ലോംഗ്വ്യൂ,ലോങ്വിവ്
forona,ഫൊറോനാ,ഫോറോണ
footbal,ഫുട്ബോൾ,ഫൂട്ടൽൽ
iskreem,ഐസ്ക്രീം,ഇസ്ക്രീം
montgomery,മോണ്ട്ഗൊമെറി,മോണ്ട്രോമ്ി
oaks,ഓക്സ്,ആക്സ്
paampin,പാമ്പിന്,പാമ്പിൻ
punjaabil,പഞ്ചാബിൽ,പുഞ്ഞാബിൽ
mariykkaaththavare,മരിയ്ക്കാത്തവരെ,മറിയ്ക്കാത്തതാരെ
coral,കോറല്,കോറൽൽ
sivajee,ശിവാജി,സിവജീ
vayikkam,വായിക്കാം,വയിക്കം
dainamdina,ദൈനംദിന,ദൈനാ്ദിന
york,യോര്ക്ക്,യോർക്ക്്
kuraykkunnathinu,കുറയ്ക്കുന്നതിന്,കുറയ്ക്കുന്നതിനു
jersi,ജേഴ്സി,ജെർസി
denver,ഡെന്വെര്,ഡെൻവർ
haindhavar,ഹൈന്ദവർ,ഹൈന്ധവർ
arappattini,അരപ്പട്ടിണി,അറപ്പട്ടിനി
jamaikkam,ജമൈക്കൻ,ജമമയ്ക്ക
infobeans,ഇന്ഫോബീന്സ്,ഇൻഫോബ്സ്്്
paranjnjilla,പറഞ്ഞില്ല,പറഞ്ഞിഞ്ഞി
reach,റീച്,റിയ്ച
license,ലൈസൻസ്,ലൈക്സ്സ
marakkoottamvareyulla,മരക്കൂട്ടംവരെയുള്ള,മറക്കൂട്ടവര്യയുള്ള
soseeds,സോസേഡ്സ്,സസസീഡ്്
kalayalavukalillulla,കാലയളവുകളിലുള്ള,കലയാളവുകളില്ലുള്
sammelanam,സമ്മേളനം,സമ്മേലനം
athbuthakaramaayi,അത്ഭുതകരമായി,അത്ബുതകരമായി
ayurvedathile,ആയുർവേദത്തിലെ,അയുർവേദത്തിലെ
syracuse,സിറക്യൂസ്,സ്റാക്സസ്
kattilekk,കാട്ടിലേക്ക്,കട്ടിലേക്ക്്
abhinandichhu,അഭിനന്ദിച്ചു,അഭിനന്ഞിച്ച്
aarambhichchathaayi,ആരംഭിച്ചതായി,ആരംഭിച്ചതതതായ
nayaye,നായയെ,നയയെെ
miicky,മിക്കി,മിയ്ക്ക
cylindarukal,സിലിണ്ടറുകൾ,ക്ലിന്ദറുകൾ
parathi,പറത്തി,പരതിി
malaria,മലേറിയ,മലാരായ
thirichcheththunnavarano,തിരിച്ചെത്തുന്നവരാണോ,തിരിച്ചിച്ചെത്തുന്നവര
mathur,മാത്തൂർ,മതുർ
unionile,യൂണിയനിലെ,ലൂണിയെലെ
cera,സെറ,സേര
manju,മഞ്ജു,മഞ്ഞു
thudaranan,തുടരാനാണ്,തുടരണൻ
paapparasikkil,പാപ്പരാസിക്കിൽ,പാപ്പറസിക്കിൽ
anasteshya,അനസ്തേഷ്യ,അനസ്ത്ശ്യ
chodyamundaairunnathu,ചോദ്യമുണ്ടായിരുന്നത്,ചോദ്യമുണ്ടാറിരുന്നത്
peachtree,പീച്ച്ട്രീ,പീച്ച്രീരി
logistics,ലോജിസ്റ്റിക്സ്,ലോഗിസ്റ്റിക്സ്
utharavadathil,ഉത്തരവാദത്തില്,ഉത്തരവടത്തിൽ
vinoda,വിനോദ്,വിനോദ
ayurvedathilum,ആയുർവേദത്തിലും,അയുർവേദത്തിലും
palisetti,പലിസെട്ടി,പലിസേറ്റി
randall,റാന്ഡല്,റണ്ടല്ലൽ
kadappuraththu,കടപ്പുറത്ത്,കടപ്പുറത്തു
thotu,തോറ്റ്,തോട്്
siberiayile,സൈബീരിയയിലെ,സിബേറിയയിലെ
undayirikkam,ഉണ്ടായിരിക്കാം,ഉണ്ടയിരിക്കാം
reilly,റെയ്ല്ലി,റെയ്ലിി
aavashyangalanennum,ആവശ്യങ്ങളാണെന്നും,ആവശ്യങ്ങളെന്നും
sanghangngalude,സംഘങ്ങളുടെ,സംഘങ്ങങ്ങളു
pongi,പൊങ്ങി,പോങ്ി
usthaadadakkamulla,ഉസ്താദടക്കമുള്ള,ഉസ്താടടക്കമുള്ള
wandayudeyum,വാൻഡയുടെയും,വണ്ടയുടെയും
uthsavabali,ഉത്സവബലി,ഉത്സവവലി
marichhathenkil,മരിച്ചിരുന്നതെങ്കില്,മറിച്ചതെങ്കിൽ
engineering,എഞ്ചിനീയറിംഗ്,എൻജിനീറിങ്
chenaiyilaannu,ചെന്നൈയിലാണ്,ചെനൈയിലാണ്ന്
samar,സമര,മാർ
chirippikkaruthennu,ചിരിപ്പിക്കരുതെന്ന്,ചിരിപ്പിക്കരുതെന്നു
chodyapaper,ചോദ്യപേപ്പർ,ചോദ്യപപേര്
futbal,ഫുട്ബോൾ,ഫ്ട്ബൽൽ
malayidumpante,മലയിടുമ്പന്റെ,മലയിടുപ്പന്റെ
electroonic,ഇലക്ട്രോണിക്,എലക്ട്രൂനിക്
billian,ബില്യൺ,ബില്ലിയ
vidagdachikilsaykkaayi,വിദഗ്ധചികിൽസയ്ക്കായി,വിദഗ്ജിച്ചിക്ക്ക്കായി
junil,ജൂണിൽ,ജുനിൽ
mataro,മറ്റാരോ,മാത്രോോ
patthuthoonukal,പത്തുതൂണുകള്,പത്തുതുതുകുകൾ
sangethathinte,സങ്കേതത്തിന്റെ,സംഗ്തത്തിന്റെെ
chowdhury,ചൌധരി,ചൊം്ദ്
bare,ബാരെ,ബേരെ
arokke,ആരൊക്കെ,അരോക്കെ
cheythathil,ചെയ്തതിൽ,ചെയ്തത്തി
vimaanathhavalangalil,വിമാനത്താവളങ്ങളിൽ,വിമാനത്വവലങ്ങളിൽ
kaanicchirikkunna,കാണിച്ചിരിക്കുന്ന,കാണിച്ചിറിക്കുന്ന
naayaattu,നായാട്ടു,നായാട്ട്
asadhukkiya,അസാധുക്കിയ,അസധുക്കിയയ
kariamund,കാര്യമുണ്ട്,കരിയമുണ്ട്്
aereyaadhikam,ഏറെയാധികം,ഈരെയാധികം
nanavumarathha,നനവുമാറാത്ത,നാവുമാരത്ത
coon,കൂണ്,ൂന്
punaradhivasam,പുനരധിവാസം,പുനരദിവാസം
pinvalicchath,പിൻവലിച്ചത്,പിൻവളിക്ചത്ത
aksharaarthhaththil,അക്ഷരാർഥത്തിൽ,അക്ഷരാർത്തത്തി
freeman,ഫ്രീമാന്,ഫ്രീമൻ
bhagangalilaayi,ഭാഗങ്ങളിലായി,ഭഗങ്ങളിലായി
thetaayenna,തെറ്റായെന്ന,തേറായെന്ന
padayottam,പടയോട്ടം,പദയോട്ടം
pathinaalam,പതിനാലാം,പതിനാലം
gunduur,ഗുണ്ടൂർ,ഗുണ്ടുർ
granthamaaya,ഗ്രന്ഥമായ,ഗ്രന്തമായ
sankalppangalum,സങ്കൽപ്പങ്ങളും,സങ്കല്പ്പങ്ങളും
gavasiyaaya,ഗവാസിയായ,ഗവസിയായയ
caplin,ക്യാപ്ലിന്,കാപ്പിൽ
nagaur,നാഗോർ,നഗാൂർ
aromatics,അരോമാറ്റിക്സ്,അരോമറിക്സ്്്
kanana,കാനന,കനാന
jamaika,ജമൈക്ക,ജമായകക
annirikkatte,എന്നിരിക്കട്ടെ,അന്നിരിക്കട്ടെ
aqaunt,അക്കൗണ്ട്,അകാന്റ്്
sancharichchukondumaanu,സഞ്ചരിച്ചുകൊണ്ടുമാണ്,സഞ്ചരിച്ചുച്ചുകൊണ്ടാണ
kurichittullathan,കുറിച്ചിട്ടുള്ളതാണ്,കുറിച്ചിട്ടുള്ളത്
vishvasikalkk,വിശ്വാസികൾക്ക്,വിശ്വസികൾക്ക്്
marsh,മാർഷ്,മർഷ
churu,ചൂരു,ചുരു
navothaana,നവോത്ഥാന,നവോതാന
prakyapikkappettu,പ്രഖ്യാപിക്കപ്പെട്ടു,പ്രക്യപിക്കപ്പെട്ട്്
praacheenavum,പ്രാചീനവും,പ്രാച്ചനവും
shanthiyumsamadhanavum,ശാന്തിയുംസമാധാനവും,ശന്തിയുസ്വസനവും
sthriyeyum,സ്ത്രീയെയും,സ്ത്രിയെയും
odom,ഓഡം,ഒോോം
hirooshima,ഹിരോഷിമ,ഹിരൂഷിമ
anasthesia,അനസ്തേഷ്യ,അനസ്തേസിയ
prashnangngalund,പ്രശ്നങ്ങളുണ്ട്,പ്രശ്നങ്ങുങ്ങുണ്
esmailenna,ഇസ്മായിലെന്ന,എസ്മൈയെല്ലന
vaikalyangaleyum,വൈകല്യങ്ങളും,വൈകല്യങ്ങളെയു
aruthivarumennathil,അറുതിവരുമെന്നതിൽ,അരുതിവരുമെന്നതിൽ
parihasikkentivannu,പരിഹസിക്കേണ്ടിവന്നു,പരിഹസിക്കേണ്ടിന്നേന്
podiyakkunnathanu,പൊടിയാക്കുന്നതാണ്,പൊടിയക്കുന്നതാണ്
jarry,ജെറി,ജർര്
kkumennuman,ക്കുമെന്നുമാണ്,ക്കുമെന്നുമാൻ
vellore,വെല്ലൂർ,വെല്ലേറെ
samri,സാമ്രി,സംരി
salt,സാൾട്,സ്ത്്
kathirunn,കാത്തിരുന്ന്,കതിരുന്നു
taimsil,ടൈംസിൽ,ടൈമ്സിൽ
steele,സ്റ്റീല്,സ്റ്റീലെ
aistar,ആസ്റ്റർ,ഐസ്റ്റർ
kettan,കെട്ടാൻ,കെട്ടൻ
chaalichchu,ചാലിച്ച്,ചാലിച്ച്ച
sambaadyam,സമ്പാദ്യം,സംബാദ്യം
bheekaravaada,ഭീകരവാദ,ഭീകരവാട
killeen,കില്ലീന്,കിള്ളീൻ
kushalappa,കുശലപ്പ,കുഷലപ്പ
balakrishna,ബാലകൃഷ്ണ,ബലക്ഷ്ഷ്ണ
glycols,ഗ്ളൈകോൾസ്,ഗ്ലിക്ലോസ്
buchanan,ബുചാനന്,ബുച്ചന
aloominam,അലുമിനിയം,അലൂമിനം
kurannjathu,കുറഞ്ഞത്,കുറഞ്ഞന്ത
keralathilanu,കേരളത്തിലാണ്,കേരളത്തിലന്
di,ടീ,ദി
parathiyil,പരാതിയിൽ,പരതിയിൽൽ
parinathaphalangalilum,പരിണതഫലങ്ങളിലും,പരിണതചരണങ്ങളിലും
bhandaarikkaayi,ഭണ്ഡാരിക്കായി,ഭണ്ടാരിക്കായി
tara,താര,റാര
underwood,അണ്ടർവുഡ്,ഉണ്ടർവർഡ്
avadhidinathil,അവധിദിനത്തില്,അവധിദിനത്തിൽ
peralta,പരാള്ട്ട,പേരാ്്ട
mandangale,മാണ്ഡങ്ങളെ,മണ്ഡങ്ങളെെ
thayyaredukkukayanu,തയ്യാറെടുക്കുകയാണ്,തയ്യറെടുക്കുകയാണ്
athbuthangal,അത്ഭുതങ്ങൾ,അത്ബുതങ്ങൾ
thrichambaram,തൃച്ചംബരം,തൃച്ചമ്രം
jupiter,ജൂപീറ്റർ,ജൂപിട്ടർ
anishchithakaala,അനിശ്ചിതകാല,അനിഷ്ചിതകാല
lam,ലാം,മം
kingfa,കിംഗ്ഫ,കിങ്ങ
arnaqulam,എറണാകുളം,ആർനാകുും
koduppichchukondanu,കൊടുപ്പിച്ചുകൊണ്ടാണ്,കൊടുപ്പിച്ചിച്ചുണ്ട്ണ
aystar,ആസ്റ്റർ,ആസ്സ്റർ
thadanjukondayirunnu,തടഞ്ഞുകൊണ്ടായിരുന്നു,തടഞ്ഞുകൊണ്ടയായിരുന്നു
palulpadanaththe,പാലുല്പാദനത്തെ,പലുള്പടനത്തെതെ
pathirappalli,പാതിരപ്പള്ളി,പതിരപ്പള്ളി
vidhwaan,വിദ്വാൻ,വിധ്വാൻ
roonalldoo,റൊണാൾഡോ,റൂണല്ലൂട
cheralath,ചെരളത്ത്,ചേരളത്ത്
itharasamsthhaana,ഇതരസംസ്ഥാന,ഇത്രസസ്ഥാന്
samanyayippichu,സമന്വയിപ്പിച്ച്,സമന്യയിപ്പിച്ച്
ellison,എല്ലിസണ്,എല്ലിസ്്
parathikkari,പരാതിക്കാരി,പരതിക്കാരിി
howrah,ഹൗറ,ഹോർഹ
tariik,താരിഖ്,ത്രിയ്ക
dayaasparaa,ഡയാസ്പറാ,ദയാസ്പരാ
samuchayam,സമുച്ചയം,സമുചയം
panihati,പാനിഹാടി,പാനിഹത്തി
thousand,തൌസന്റ്,തൌസാ്ദ്
alankaravasthukkalodu,അലങ്കാരവസ്തുക്കളോടു,അലങ്കരവസ്തുക്കളോട്്
undayirunnathan,ഉണ്ടായിരുന്നതാണ്,ഉണ്ടയിരുന്നതാണ്
tunisiayil,ടൂണീഷ്യയില്,ടുനിസിയയിൽൽ
wilaa,വില,വിലാ
ayan,അയൺ,യയൻ
kollatth,കൊല്ലത്ത്,കൊള്ളത്ത്
metha,മേത്ത,മേത
idavelaykku,ഇടവേളയ്ക്കു,ഇടവേളയ്ക്ക്
vishvasikkaanpolum,വിശ്വസിക്കാൻപോലും,വിശ്വസിക്കാനപപോലും
benitez,ബെനിറ്റസ്,ബെനിത്റ്്
grendham,ഗ്രന്ഥം,ഗ്രേന്ധം
jnaana,ജ്ഞാന,ജ്നാന
edison,എഡിസൺ,എഡിസോൺ
kettittund,കേട്ടിട്ടുണ്ട്,കെട്ടിട്ടുണ്ട്
gulf,ഗൾഫ്,ഗുൾ
thalavadi,തലവടി,തലവാടി
mrukangamaayi,മൃഗമായി,മൃകങ്കമാ
anukoolichchum,അനുകൂലിച്ചും,അനുകൂലിച്ചിച്
chaurasiya,ചൌരസ്യ,ചൌരസിയ
delevisionu,ടെലിവിഷന്,ഡെലവിഷിനോ
saund,സൗണ്ട്,സൌണ്ട്
divishion,ഡിവിഷൻ,ഡിവിഷണോ
ban,ബീൻ,ന്
sanpadyam,സമ്പാദ്യം,സങ്കദ്യം
hess,ഹെസ്സ്,ഹെസ്്
padinjaar,പടിഞ്ഞാറ്,പഠിഞ്ഞാർ
coimbatore,കോയമ്പത്തൂര്,കോംബ്ബറ്ററെെ
pazhedam,പഴേടം,പഴേദം
maasaarambhaththinu,മാസാരംഭത്തിനു,മാസാരംഭത്തിന്
bauer,ബൌവെര്,ബൂർ
theernnu,തീർന്ന്,തീർന്നു
theerumanameduthath,തീരുമാനമെടുത്തത്,തീരുമണമെടുത്തത്്
coupang,കൂപാംഗ്,കൂപാങ്്
sevana,സേവന,സേവാന
hasapuranam,ഹാസപുരാണം,ഹസാപുരണം
pradarshanangngaludeyum,പ്രദർശനങ്ങളുടെയും,പ്രദർശനങ്ങളങ്ങളുടെ
ulpannam,ഉല്പന്നം,ഉൽപന്നം
hill,ഹില്,ഹിൽൽ
generalaayirunnu,ജനറലായിരുന്നു,ജെനററാലായിരുന്
sthreeyayi,സ്ത്രീയായി,സ്ത്രീയയി
verupp,വെറുപ്പ്,വേരുപ്പ്
land,ലാന്ഡ്,ലൻഡ്്
aluminum,അലുമിനിയം,അലുമിനും
mastellar,മാസ്റ്റെല്ലര്,മസ്റ്റെല്ലാർ
jennings,ജെന്നിങ്സ്,ജെന്നിങ്്
aarchu,ആർച്ച്,ആർച്ചു
dun,ഡൺ,നും
vachchittund,വച്ചിട്ടുണ്ട്,വച്ചിച്ചുണ്ട്
abhimanamayi,അഭിമാനമായി,അഭിമനമായി
kaalikalaabham,കാലികലാഭം,കാലികളാഭം
dayaniya,ദയനീയ,ദയനിയ
sthapanangale,സ്ഥാപനങ്ങളെ,സ്ഥപനങ്ങളെെ
pravarthakaran,പ്രവർത്തകരാണ്,പ്രവർത്തകരൻ
avatharaka,അവതാരക,അവതരര
irakal,ഇരകൾ,ഇറകൾ
khargone,ഖര്ഗോണ്,ഖർഗോണെ
heblikar,ഹെബിൽകർ,ഹെബ്കികർ
welding,വെല്ഡിംഗ്,വെഡ്ിങ്്
puthuvathsara,പുതുവത്സര,പുതുവതസ്ര
staend,സ്റ്റാൻഡ്,സ്റ്റാണ്ട്
bodhavanmaranu,ബോധവന്മാരാണ്,ബോധവന്മരരണ്
madyapaanvum,മദ്യപാനവും,മദ്യപാന്വും
officer,ഓഫീസർ,ഓഫിസിക
peeco,പൈകോ,പീക്ക
aropanamaanu,ആരോപണമാണ്,അരോപണമാണ്
vanthuka,വൻതുക,വന്തുക
misaile,മിസ്സൈൽ,മിസൈലെെ
kukreja,കുക്റെജ,കുക്രേജ
aanjnjadichchu,ആഞ്ഞടിച്ച്,ആഞ്ഞുജടിച്ച
valichchizhachchukondaanu,വലിച്ചിഴച്ചുകൊണ്ടാണ്,വലിച്ചിച്ചിച്ചച്ചുണ്ട
slokam,ശ്ലോകം,സ്ലോകം
stadiuthinte,സ്റ്റേഡിയത്തിന്റെ,സ്റ്ററിനുതിന്റെെ
danafil,ഡനഫില്,ഡനാഫിൽ
partikkillenn,പാർട്ടിക്കില്ലെന്ന്,പർർതിക്കില്ലെന്ന്്
thaamasichhullu,താമസിച്ചുള്ളൂ,താമസിച്ചുള്ളു
paniyicchu,പണിയിച്ചു,പണിയിച്ച്
neeleshwarathhum,നീലേശ്വരത്തും,നീലേഷ്വരത്തും
punaparisodhikkenam,പുനപരിശോധിക്കേണം,പുനപരിശോഷിക്കണംം
eettyveerapalayam,ഈട്ടിവീരപാളയം,ഈട്ട്വീവരപരലം
licence,ലൈസൻസ്,ലൈക്കെസ
beeriyam,ബേരിയം,ബീരിയം
cipla,സിപ്ല,കിപ്പ
barauni,ബറൌണി,ബാരാനി
generalum,ജനറലും,ജെനററും
ganesha,ഗണേശ,ഗാനേഷ
kansal,കാൻസൽ,കൺസൽൽ
vahanathinu,വാഹനത്തിന്,വഹനത്തിന്്
prasakthaman,പ്രസക്തമാണ്,പ്രസക്തമണ്
kanyaasthree,കന്യാസ്ത്രീ,കണ്യാസ്ത്രീ
natatham,നടത്തം,നതതം
narakam,നരകം,നാരാം
dakshinaafrikkayum,ദക്ഷിണാഫ്രിക്കയും,ദക്ഷിനാർക്കികയുംം
nadiyayirunnuvennu,നടിയായിരുന്നുവെന്നു,നടിയയിരുന്നുവെന്ന്്
pithakkanmarumayi,പിതാക്കൻമാരായി,പിതക്കന്മാരമായി
ernaqulam,എറണാകുളം,എർനാകുും
bebi,ബേബി,ബെബി
ashramathinte,ആശ്രമത്തിന്റെ,അശ്രമത്തിന്റെ
sunflag,സൺഫ്ലാഗ്,സുൻഫ്ല
vilayur,വിളയൂർ,വിലയുർ
vidiyokal,വിഡിയോകൾ,വിദിയോകൾ
criik,ക്രീക്ക്,ക്രിയ്ക്ക
thermax,തെർമാക്സ്,തെർമാക്്
olichhirunnathum,ഒളിച്ചിരുന്നതും,ഒളിച്ചിരിരുന്നതു
pothiyan,പൊതിയാൻ,പൊതിയൻ
goveend,ഗോവിന്ദ്,ഗോവീന്ദ്
athishayikkaanilla,അതിശയിക്കാനില്ല,അതിഷയിക്കാനില്ല
allrounder,ഓൾറൌണ്ടർ,ആൽല്രൌന്ദ
kangra,കഗ്ര,കംഗ്ര
mikachhathennu,മികച്ചതെന്ന്,മികച്ചതെന്നു
marangalilum,മരങ്ങളിലും,മാങങ്ളിലും
velippeduthhiyathath,വെളിപ്പെടുത്തിയതത്,വെളിപ്പെടുത്തിയത്തത
seth,സേത്ത്,സേത്്
swadeeshiye,സ്വദേശിയെ,സ്വദീശിയെ
nettaththil,നേട്ടത്തിൽ,നെട്ടത്തിൽ
nellanu,നെല്ലാണ്,നെല്ലന്
padaviyum,പദവിയും,പദവവിയും
tovinoye,ടൊവിനൊയെ,ടോവിനോയോ
vaikkunnathum,വയ്ക്കുന്നതും,വൈക്കുന്നതും
ballavpuru,ബല്ലാവ്പൂര്,ബല്ലാപുപുരു
akkaundil,അക്കൗണ്ടിൽ,അക്കാണ്ടിൽ
pakkunnathinte,പാക്കുന്നതിന്റെ,പക്കുന്നതിന്റെെ
josaif,ജോസെഫ്,ജോസൈയ്
kanyaashree,കന്യാസ്ത്രീ,കണ്യാശ്രീ
saahacharyamillennu,സാഹചര്യമില്ലെന്നു,സാഹചര്യമില്ലെന്ന്
pheudal,ഫ്യൂഡൽ,ഫെയാൽൽ
terrass,ടെറസ്സ്,ടെറാസസ്
puzhukkale,പുഴുക്കളെ,പുഴുക്കലെ
thayaredukkukayan,തയ്യാറെടുക്കുകയാണ്,തയറെടുക്കുകയൻ
enthanennu,എന്താണെന്നു,എന്തണെന്ന്്
kadaththu,കടത്ത്,കടത്ത്ത
periya,പെരിയ,പേരിയ
numberumadangiya,നമ്പറുമടങ്ങിയ,നുമ്പുരുടങ്ങിയ
camarillo,കാമറില്ലോ,കമാറില്ലോ
holloway,ഹാലോവേ,ഹോൾലോവി
mathsarathinu,മത്സരത്തിനു,മത്സരത്തിന്
jatheeyathakkappuram,ജാതീയതക്കപ്പുറം,ജത്യീതക്കപ്പുറം
seed,സീഡ്,സീദ്
soorayilu,സൂറയില്,സൂരയില്
sreerangapattanam,ശ്രീരംഗപട്ടണം,ശ്രീരങ്ഘടട്ടണം
pavam,പാവം,പവം
electroonics,ഇലക്ട്രോണിക്സ്,എലക്ട്രൂനിക്സ്
ithamgikarikkano,ഇതംഗീകരിക്കാനോ,ഇതംഗികരിക്കണോ
kaatt,കാട്ട്,കാറ്റ്
clair,ക്ലെയര്,ക്ലായർ
jadhav,ജാധവ്,ജദവ്
thudareththudare,തുടരെത്തുടരെ,തുടരേത്ത്തരുട
garuda,ഗരുഡ,ഗരുദ
electrooniks,ഇലക്ട്രോണിക്സ്,എലക്ട്രൂനിക്സ്
prathikarichchirunnu,പ്രതികരിച്ചിരുന്നു,പ്രതികരിച്ചിരിരുന്ന
person,പേഴ്സണ്,പെർസോൺ
terrace,ടെറസ്,ടെറാക്
miickey,മിക്കി,മിയ്ക്ക
paurante,പൗരന്റെ,പൌറന്റെ
vellaththiloodeyaan,വെള്ളത്തിലൂടെയാണ്,വെള്ളത്തിലിടെയാണ്
flooristum,ഫ്ളോറിസ്റ്റും,ഫ്ലൂറിസ്റ്റും
analysarinte,അനലൈസറിന്റെ,അനല്സിറന്റെ
thayyarakunnillathre,തയ്യാറാകുന്നില്ലത്രെ,തയ്യറകക്നുന്ന്്ങ്െെ
aavaahyamanennu,ആവശ്യമാണെന്ന്,ആവാഹ്യമണെന്ന്
munnottupokan,മുന്നോട്ടുപോകാൻ,മുന്നൊട്ടുപോകാൻ
rowlett,റോലെറ്റ്,റോവ്ലെറ്റ
panesar,പനേസര്,പനേസർ
udupiyilum,ഉടുപ്പിയിലും,ഉടുപിയിലും
khandelwal,കാന്റൽവാൾ,ഖണ്ഡെൽവൽ
arnakulam,എറണാകുളം,ആർണകുും
tennyson,ടെന്നിസന്,ടെന്ന്സ്
etawah,ഇതാവഹ്,എറ്റവേ
mindtree,മൈന്ഡ്ട്രീ,മിന്ദ്രീരി
pham,ഫാം,തം
onbathu,ഒമ്പത്,ഒൻബത്ത്
aariya,ആര്യ,ആറിയ
poyathinethhudar,പോയതിനേത്തുടര്,പോയതിനെത്തുട്ടര
tulshidas,തുള്സിദാസ്,തുൽശിദസ്
udhyogasthante,ഉദ്യോഗസ്ഥന്റെ,ഉധ്യോഗസ്തന്റെ
sangli,സാഗ്ലി,സംഗ്ലി
laigeekatha,ലൈംഗികത,ലൈഗീകത
okkeyayi,ഒക്കെയായി,ഒക്കേയായി
christania,ക്രിസ്റ്റാനിയ,ക്രിസ്റ്റണിയ
sthreyeyum,സ്ത്രീയെയും,സ്ത്രേയെയും
parihaarangngalude,പരിഹാരങ്ങളുടെ,പരിഹാരങ്ങുങ്ങള
ramon,റാമോൺ,റാമോൻ
fitnass,ഫിറ്റ്നസ്,ഫിറ്റസ്സ്
aetuvaangngiya,ഏറ്റുവാങ്ങിയ,ഈട്ടുവാങ്ങിങ്
grandha,ഗ്രന്ഥ,ഗ്രന്ധ
kane,കേയ്ന്,കെനെ
lim,ലിം,ിമം
aju,അജു,ഫൌു
padangalayirunnu,പാടങ്ങളായിരുന്നു,പഠങ്ങളയിരുന്നു
pouranmare,പൌരന്മാരെ,പൌരന്മരെെ
devayaaniyute,ദേവയാനിയുടെ,ദേവയാണിയുടെ
kaarmikathwathil,കാർമ്മികത്വത്തിൽ,കാർമികത്തത്തിൽ
tvyil,ടിവിയിൽ,ട്വിൽൽ
kalar,കളർ,കലാർ
vimanangalilum,വിമാനങ്ങളിലും,വിമനങ്ങളിലും
palulpadanathe,പാലുല്പാദനത്തെ,പലുള്പടനത്തെെ
mangaluru,മംഗളൂരു,മങ്ങളുരു
vidhichcha,വിധിച്ച,വിധിച്ച്
oothailloo,ഒഥല്ലോ,ഊത്തല്ല
novelukalude,നോവലുകളുടെ,നോവെലുകളുടെ
atisthaanamaakkiyulla,അടിസ്ഥാനമാക്കിയുള്ള,അതിസ്ഥാനമാക്കിയുള്ള
perunnalaghoshichath,പെരുന്നാളാഘോഷിച്ചത്,പെരുന്നലകലോഗിച്ചത്്
aryaa,ആര്യ,അറ്യാ
kaatum,കാറ്റും,കാതും
runseduththu,റൺസെടുത്ത്,റുൻസെടുത്തു
labhichchirikkaamenn,ലഭിച്ചിരിക്കാമെന്ന്,ലഭിച്ചിച്ചിക്കാമെന്ന
jimbellan,ജിംബെല്ലാണ്,ജിംബെല്ലാൻ
jamaaiqq,ജമൈക്ക,ജമായിക്
jemaican,ജമൈക്കൻ,ജെമാക്കൻ
labhiamaakki,ലഭ്യമാക്കി,ലഭിയാക്കിി
apalapichchu,അപലപിച്ചു,അപലപിച്ച്ച
pacchaniram,പച്ചനിറം,പാക്ചനിരം
alipur,അലിപുർ,ആലിപുർ
chenneyilulla,ചെന്നൈയിലുള്ള,ചെന്നെയിലുള്ള
wells,വെല്സ്,വെൽസ്്
nashtamayittundavaam,നഷ്ടമായിട്ടുണ്ടാവാം,നഷ്ടമായിട്ടുണ്ടാം
sreenivasan,ശ്രീനിവാസൻ,ശ്രീനിവസൻ
elavanil,ഇലവനിൽ,ഇളവനിൽ
vismayakazhchakalan,വിസ്മയകാഴ്ചകളാണ്,വിസ്മയകൾച്ചകൾ
visphodanam,വിസ്ഫോടനം,വിശ്ഫോദനം
faridabad,ഫരീദാബാദ്,ഫരിഡബാദ്
cantu,കാന്ടു,കന്റ്്
kuththetu,കുത്തേറ്റ്,കുത്തേത്ത്
estes,എസ്റ്റേറ്റ്സ്,എസ്റ്റ്്്്
pookaar,പോകാറ്,പൂകാർ
thatukadayile,തട്ടുകടയിലെ,തടുകടയിലെെ
carpett,കാർപെറ്റ്,കാർപെട്ട്
kurishil,കുരിശിൽ,കുരിഷിൽ
kalimpong,കലിംപോംഗ്,കാലിമ്പോങ്
uthapukaludeyum,ഉതപ്പുകളുടെയും,ഉത്തപുകളുടെയും
dohrey,ഡോറെ,ദഹ്രേ
avanum,അവനും,അവാനും
prasavicchu,പ്രസവിച്ചു,പ്രസവിച്ച്
nishedhkkukayaan,നിഷേധക്കുകയാണ്,നിഷേധ്ക്കുകയാണ്
hees,ഹിസ്,ഹീസ്
viinod,വിനോദ്,വിനോട്
silindarinte,സിലിണ്ടറിന്റെ,സിലിന്ദറിന്റെ
construction,കണ്സ്ട്രക്ഷന്,കൺസ്്്രൂക്ഷൻ
rafael,റാഫേൽ,റഫാൽൽ
angam,അങ്കം,അങ്ങം
visvasa,വിശ്വാസ,വിസ്വാസ
kuttikkatty,കുറ്റിക്കാട്ടി,കുട്ടിക്കട്ടിി
uyarunnathinekkal,ഉയരുന്നതിനേക്കാൾ,ഉയരുന്നതിനേക്കൾ
dudeja,ഡുഡേജ,ദുദേജ
mahindra,മഹീന്ദ്ര,മഹിന്ദ്ര
ozhivakkal,ഒഴിവാക്കൽ,ഒഴിവക്കൽ
chansaliyar,ചാൻസലിയർ,ചങ്കലിയർ
menon,മേനോന്,മെനോൻ
thamizhnadinte,തമിഴ്നാടിന്റെ,തമിഴ്നടിന്റെെ
enthaanennu,എന്താണെന്നു,എന്താണെന്ന്
diick,ഡിക്ക്,ഡിയ്ക്ക
keshri,കേശ്രീ,കെശ്രി
zaunes,ജോൺസ്,ഫൌനസ്
wayorude,വേയറുടെ,വയോറുടെ
overukalil,ഓവറുകളിൽ,ഓവേറുകളിൽ
visaka,വിസാക,വിസക
shreebalagokulathhinte,ശ്രീബാലഗോകുലത്തിന്റെ,ശ്രീബഗലുകൊളത്തിന്റെെ
gaanaragana,ഗാനരചന,ഗാനരഗനന
masamayi,മാസമായി,മസമായി
mahaadhevakshethratthile,മഹാദേവക്ഷേത്രത്തിലെ,മഹാധേവക്ഷ്ത്രത്തിലെ
giles,ജയല്സ്,ഗിലെസ്
vaarththayil,വാർത്തയിൽ,വാർത്ത്യയി
katrika,കത്രിക,കട്രിക
kaivazhiyaya,കൈവഴിയായ,കൈവഴിയയയ
aoupachaarika,ഔപചാരിക,ഓപ്ചാരിക
desichhathanusarichhulla,ദേശിച്ചതനുസരിച്ചുള്ള,ദേശിച്ചസത്തുറരിച്ചുള്
ariyunathinaayi,അറിയുന്നതിനായി,അറിയുനത്തിനായി
nalkukayennathayirunnu,നൽകുകയെന്നതായിരുന്നു,നൽകുകയെന്നായിരുന്നു
udachhath,ഉടച്ചത്,ഉദച്ചത്
weela,വില,വീല
eledi,എൽഇഡി,എലേഡി
jameiccan,ജമൈക്കൻ,ജാമേക്കൻ
aksharaarthathhil,അക്ഷരാർഥത്തിൽ,അക്ഷരാർത്തത്തി
sivasena,ശിവസേന,സിവസേന
nadapadiyillaathhathaanu,നടപടിയില്ലാത്തതാണു,നടപടിയില്ലാത്തതാണ്
gail,ഗെയ്ല്,ഗിൽൽൽ
enthukondavilla,എന്തുകൊണ്ടാവില്ല,എന്തുകൊണ്ടവില്ലല
insecticides,ഇൻസ്ക്ടിസൈഡ്സ്,ഇൻസെക്ടിക്സിഡ്
nagoria,നഗൊറിയ,നഗോറിയ
thothu,തോത്,തോതു
lifestyle,ലൈഫ്സ്റ്റെല്,ലിഫോസ്റ്റിലെ
mahaasamudrattile,മഹാസമുദ്രത്തിലെ,മഹാസമുദ്രട്ടിലെ
kaarmikathwam,കാർമ്മികത്വം,കാർമികത്വം
union,യൂണിയന്,ല്നിയ്
shaanthiyumsamaadhaanavum,ശാന്തിയുംസമാധാനവും,ശാന്തിയുമാസാനതാവും
punaparishodana,പുനഃപരിശോധന,പുനപരിശോോണ
wausau,വാവ്സൌ,വൌസാ
nadatthaar,നടത്താറ്,നടത്താർ
shathhinidayakkukayum,ഷത്തിനിടയാക്കുകയും,ശത്തിനിടയാക്കുകയും
whitaker,വിറ്റകെർ,വിതക്കർ
norris,നോറിസ്,നോർറിസ്
padashekharasamithikku,പാടശേഖരസമിതിക്കു,പദശേഷരരിമമിിക്ക്
pavilion,പവലിയൻ,പവിലിയൻ
oleshayude,ഒലേഷയുടെ,ഒലേശയുടെ
udyogastharude,ഉദ്യോഗസ്ഥരുടെ,ഉദ്യോഗസ്തരുടെ
pathhuthoonukal,പത്തുതൂണുകള്,പത്തുതൂതുകൾൾ
thanennu,താനെന്ന്,തനെന്നു
ruth,രൂത്ത്,റുത്്
miami,മിയാമി,മിമാമി
ennathaayirikkumennu,എന്നതായിരിക്കുമെന്നു,എന്നതായിരിക്കുമെന്ന്
perukoodi,പേരുകൂടി,പെരുകൂടി
vivaraththe,വിവരത്തെ,വിവരത്തെത
sanareethikalu,ശനരീതികള്,സനരീതികളു
maranasaahacharyangalu,മരണസാഹചര്യങ്ങള്,മരണസഹാചര്യങ്ങള്
ayeshaa,ആയിഷ,അയേഷാ
theraesayude,തെരേസയുടെ,തീരാസയുടെ
ananthathayileakk,അനന്തതയിലേയക്ക്,അനന്തതയിലേയ്ക്ക്
aghoshichu,ആഘോഷിച്ചു,അഘോഷിച്ചു
gauttimalayil,ഗ്വാട്ടിമാലയിൽ,ഗൌട്ടിമയിൽൽൽ
aniarayil,അണിയറയിൽ,അനിയരയിൽ
moliyeyumaanu,മോളിയേയുമാണ്,മോളിയെയുമാണ്
veenod,വിനോദ്,വീനോട്
bolivia,ബൊളീവിയ,ബോളിവിയ
marphi,മർഫി,മർ്ഫി
yenninganeyulla,എന്നിങ്ങനെയുള്ള,യെന്നിങ്ങനെയുള്ള
varkkya,വര്ക്ക്യ,വാർക്കയ
undakkillennathanu,ഉണ്ടാക്കില്ലെന്നതാണ്,ഉണ്ടക്കില്ലെന്നതാണ്
ananthathayileyakku,അനന്തതയിലേയക്ക്,അനന്തതയിലേയയ്ക്ക
nirakkavunnathaanu,നിറക്കാവുന്നതാണ്,നിറക്കവുന്നതാണ്
vayikkumbol,വായിക്കുമ്പോൾ,വയിക്കുമ്പോൾ
zinc,സിങ്ക്,ിിൻസ്്
dhevan,ദേവൻ,ധേവൻ
avatharippichu,അവതരിപ്പിച്ച്,അവതരിപ്പിച്ചു
apoornnamaaya,അപൂർണമായ,അപൂർണ്ണമാ
aarogyavakup,ആരോഗ്യവകുപ്പ്,ആരോഗ്യവക്ക്്
parishodikkunnathu,പരിശോധിക്കുന്നത്,പരിശോദിക്കുന്നത്
purogamanavadathhinte,പുരോഗമനവാദത്തിന്റെ,പുരോഗമനവടത്തിന്റെെ
fatehpur,ഫത്തെപൂർ,ഫാത്തപ്പു
palikkenda,പാലിക്കേണ്ട,പളിക്കേണ്ട
prshnamakkiyennum,പ്രശ്നമാക്കിയെന്നും,പ്രഷ്ണമക്കിയെന്നും
prayasangal,പ്രയാസങ്ങൾ,പ്രയസങ്ങൾ
vaakku,വാക്ക്,വാക്കു
morrison,മോറിസണ്,മോർിിഷൻ
mandadi,മന്ദഡി,മൻഡദി
manichechi,മണിച്ചിചേച്ചി,മണിച്ചേച്ചിി
elees,ഏലിയാസ്,എലീസ്്
sipaarsa,ശിപാർശ,സിപാർാസ
jeevithaththileththunnu,ജീവിതത്തിലെത്തുന്നു,ജീവിതത്തില്ലെത്തുത്ന
usthaadatakkamulla,ഉസ്താദടക്കമുള്ള,ഉസ്താടടക്കമുള്ള
degreeyil,ഡിഗ്രിയിൽ,ഡെഗ്രീയിൽ
shrirampur,ശ്രീറാംപുർ,ശ്രീപംപൂർ
kyuubayude,ക്യൂബയുടെ,ക്യുബയുടെ
meere,മേരെ,മീറെ
kiyitullathennu,കിയിട്ടുള്ളതെന്ന്,കിയിടുള്ളതെന്ന്്
teresaye,തെരേസയെ,ടെരേസയെ
athisayikkaanilla,അതിശയിക്കാനില്ല,അതിസയിക്കാനില്ല
anukarana,അനുകരണ,അനുകാരന
thalsamaya,തൽസമയ,താ്സമാ
karanavumokke,കാരണവുമൊക്കെ,കരണവുമൊക്കെെ
udhyogasthanum,ഉദ്യോഗസ്ഥനും,ഉധ്യോഗസ്ഥനും
barman,ബർമൻ,ബർമാൻ
immanuel,ഇമ്മാനുവൽ,ഇമ്മനുൽൽ
badhakamayirikkukayanu,ബാധകമായിരിക്കുകയാണ്,ബദ്ധമായിരിക്കുകയാണ്
vedivekkunnathu,വെടിവെക്കുന്നതു,വെടിവെക്കുന്നത്
uttar,ഉത്തര്,ഉത്രർ
emke,എംകെ,എംസെ
chutta,ചുട്ട,ചുറ്റ
aathmakadhayilekku,ആത്മകഥയിലേക്കു,ആത്മകഥയിലേക്ക്
fuentes,ഫുവെന്റസ്,ഫ്ലേറ്റ്സ്
siemens,സീമന്സ്,സീമെൻസ്
thaangale,താരങ്ങളെ,താങ്ങളെെ
malidveepile,മാലിദ്വീപിലെ,മലിദ്വീപിലെെ
cheyyanemennum,ചെയ്യണമെന്നും,ചെയ്യനെമെന്നും
vayanaatilanennu,വയനാട്ടിലാണെന്നു,വയനാടിലലെന്ന്്്
kewal,കെവ്അല്,കേവൽൽ
jayalalitha,ജയലളിത,ജയലലിത്
katihar,കത്തിയാർ,കത്താർ
soorayil,സൂറയില്,സൂരയിൽൽ
basiyakkine,ബാസിയാക്കിനെ,ബസിയക്കിനെെ
libyayil,ലിബിയയിൽ,ലിബ്യയിൽ
marumakkatthaayam,മരുമക്കത്തായം,മറുമക്കാത്തതായ
prothsahippichhu,പ്രോത്സാഹിപ്പിച്ചു,പ്രൊത്സസിപ്പിച്ച്്
aargvyatthe,ആരോഗ്യത്തെ,ആർഗ്വിയത്തെ
nadaththivanna,നടത്തിവന്ന,നടത്തിത്വന്
punjaabine,പഞ്ചാബിനെ,പുഞ്ഞാബിനെ
daulatabad,ദൌലതാബാദ്,ദൌലാദാദ്
radico,റാഡികോ,റേഡിക്ക
pharmaceutical,ഫാർമസ്യൂട്ടിക്കൽ,ഫർമാക്ട്ടിക്കൽൽ
nireeshwaranakamennu,നിരീശ്വരനാകാമെന്ന്,നിരീഷ്വരണകകമെന്ന്്
nayikkanakumennan,നയിക്കാനാകുമെന്നാണ്,നയിക്കണകുമെന്നാണ്
jerii,ജെറി,ജെറിയ
aaniyute,ആനിയുടെ,ആണിയുടെ
undayirikkunnathinu,ഉണ്ടായിരിക്കുന്നതിന്,ഉണ്ടയിരിക്കുന്നതിന്്
thrissurilethichu,തൃശൂരിലെത്തിച്ചു,തൃശുരിലെത്തിച്ച്
budhishakthi,ബുദ്ധിശക്തി,ബുദ്ധിഷക്തി
gauriyude,ഗൗരിയുടെ,ഗൌറിയുടെ
iddalikalanu,ഇഡ്ഡലികളാണ്,ഇഡ്ദലികളാണ്
qmar,ഖ്മർ,ക്മാർ
swakaaryamaayirikkano,സ്വകാര്യമായിരിക്കണോ,സ്വകാര്യമായിരിക്കണ്
balavum,ബലവും,ബലവവും
estates,എസ്റ്റേറ്റ്സ്,എസ്റ്റേസ്്്
nirangalumayirunnu,നിറങ്ങളുമായിരുന്നു,നിരങ്ങളുമായിരുന്നു
horton,ഹോര്ട്ടണ്,ഹോർട്ട്
sambhavaththethudarnnanu,സംഭവത്തെത്തുടർന്നാണ്,സംഭവത്ത്ത്ട്ടർത്തന്ന്
pugh,പ്യൂഗ്,പുഗ
ulppeduththanam,ഉൾപ്പെടുത്തണം,ഉൾപ്പെടുത്തതും
fischer,ഫിഷെർ,ഫിസ്ചർ
urapinappuram,ഉറപ്പിനപ്പുറം,ഉറപിനപ്പുറം
shravanabelagola,ശ്രാവണബെലഗോള,ശ്രവനദേഗലോള
kazhchakal,കാഴ്ചകൾ,കഴഴ്ചകൾ
discuss,ഡിസ്കസ്,ഡിസ്സ്സ്
kollumaayirunnu,കൊല്ലുമായിരുന്നു,കൊള്ളുമായിരുന്നു
stanley,സ്റ്റാൻലി,സ്റ്റൽങ്കി
kanon,കാനൻ,കനോൺ
odiya,ഓടിയ,ഒടിയ
nares,നരേഷ്,നാരസ്
aaghoshichchu,ആഘോഷിച്ചു,ആഘോഷിച്ച്ച
sonawane,സോനാവനെ,സോണവനെ
shriinivaas,ശ്രീനിവാസ്,ശ്രൈയിനാസ്
nasisire,നസീസിറെ,നസിസിരെ
chayapodiyan,ചായപൊടിയാണ്,ചയാപോദിയൻ
perumbadapp,പെരുമ്പടപ്പ്,പെരുമ്പപപ്പ്
koodiyayirunnu,കൂടിയായിരുന്നു,കൂടിയയിരുന്നു
opparetar,ഓപ്പറേറ്റർ,ഒപ്പറേറ്റർ
prasamsichavarumund,പ്രശംസിച്ചവരുമുണ്ട്,പ്രസംസിച്ചവരുമുണ്ട്
yusuf,യൂസഫ്,യുസൂഫ്
tharjima,തർജ്ജിമ,തർജിമ
sraddhikkanarumilla,ശ്രദ്ധിക്കാനാരുമില്ല,ശ്രദ്ധിക്കണ്ണുമാില്ല
ip,ഐപി,പ്പ്
bapat,ബാപട്,ബപ്ത്
farmasyutical,ഫാർമസ്യൂട്ടിക്കൽ,ഫർമസസ്യൂട്ടിക്കൽ
unarvu,ഉണർവ്,ഉണർവു
cherivulla,ചെരിവുള്ള,ചെറിവുള്ള
marichchathenkil,മരിച്ചിരുന്നതെങ്കില്,മറിച്ചത്തെങ്കിൽ
thanalum,തണലും,തനലും
sandhaya,സന്ധ്യ,സന്ധയ
powran,പൌരൻ,പോർവാ
shilpam,ശില്പം,ശിൽ്പം
rava,രവ,റാവ
udanja,ഉടഞ്ഞ,ഉഡഞഞ്ഞ
divasangalane,ദിവസങ്ങളാണ്,ദിവസങ്ങളനെ
bhagangalilulla,ഭാഗങ്ങളിലുള്ള,ഭഗങ്ങളിലുള്ളള
kollathhinte,കൊല്ലത്തിന്റെ,കൊള്ളത്തിന്റെ
cross,ക്രോസ്സ്,ക്രോസ്്
veezhunnathinaal,വീഴുന്നതിനാല്,വീഴുന്നതിനാൽ
brousinginidayilu,ബ്രൌസിങിനിടയില്,ബ്രോസിങ്ങിനിടയില
itarsi,ഇതാര്സി,ഇത്രാസി
cambridge,കേംബ്രിഡ്ജ്,കാംബ്രിബ്്
sosaids,സോസേഡ്സ്,സോസൈഡസ്്
binghamton,ബിന്ഗ്ഹാംടണ്,ബിംഗം്ോട്
karaikal,കരൈകാൽ,കരാകൾൽ
samaraa,സമര,സമാര
aaruthavana,ആറുതവണ,ആരുതവന
chiina,ചൈന,ചിന
peecoo,പൈകോ,പീക്ക
iththaraththiloru,ഇത്തരത്തിലൊരു,ഇത്തരത്തിലിരൊര
fight,ഫൈറ്റ്,ഫിബ്റ്റ
chickenekkurich,ചിക്കനെക്കുറിച്ച്,ചിക്കേനെക്കുറിച്ച്
ezhunnallipulla,എഴുന്നള്ളിപ്പുള്ള,എഴുന്നല്ലില്ളുള്ള
nadaththiyirunnathanu,നടത്തിയിരുന്നതാണ്,നടത്തിയിരിയുന്നതാണ
kolasvaroopathinnu,കോലസ്വരൂപത്തിന്നു,കൊളസ്വരൂപത്തിന്ന്
rawlani,റൊലാനി,റാവാാനി
iruteamukalum,ഇരുടീമുകളും,ഇരുട്തമുകളും
prathikshayillenkil,പ്രതീക്ഷയില്ലെങ്കില്,പ്രതിക്ഷയില്ലെങ്കില്
nirannjozhukunna,നിറഞ്ഞൊഴുകുന്ന,നിറഞ്ഞൊഴുകുകുന്
caaldi,കാൾഡി,കാൽഡി
sajeekaranangngaludeyum,സജീകരണങ്ങളുടെയും,സജീകരണങ്ങങ്ങളുടെയ
finserv,ഫിൻൻസെർവ്,ഫിൻസ്വർ
athinuseshamaan,അതിനുശേഷമാണ്,അതിനുസേശമാണ്
labbour,ലേബർ,ലാബബർ
jhalawar,ജലാവർ,ഭലവാർ
prakrithidrishyamano,പ്രകൃതിദൃശ്യമാണോ,പ്രകൃതിദ്രിഷ്യമോ
pegan,പേഗൻ,പേഗാൻ
udaara,ഉദാരമായ,ഉഡാര
prakhyapanathinu,പ്രഖ്യാപനത്തിന്,പ്രഖ്യപനത്തിന്്
manniing,മാനിംഗ്,മണ്ണിങ്
njangalkku,ഞങ്ങൾക്കു,ഞങ്ങൾക്ക്
nirbandhichchu,നിർബന്ധിച്ച്,നിർബന്ധിച്ച്ച
solomon,സോളമൻ,സോളോമോ
thaarapporil,താരപ്പോരിൽ,താരപ്പൊരിൽ
avabhodham,അവബോധം,അവഭോധം
wey,വേയ്,യേയ്
kaaldi,കാൾഡി,കാൽഡി
vaadamaanu,വാദമാണ്,വാടമാണ്
michael,മൈക്കിൾ,മിച്ചൽൽ
moradabad,മൊറാദാബാദ്,മൊറാദാദ്
yedisan,എഡിസൺ,യെഡിസൻ
lompoc,ലോംപോക്,ലോംപോക്ക
qaun,കോൺ,കൂൺ
rohtak,റോതക്,റോഹ്തക
nadimar,നടിമാർ,നാഡമാർ
marica,മറീക്ക,മാറിക്ക
thozhilaaliyaaya,തൊഴിലാളിയായ,തൊഴിലാലിയായ
ocoee,ഒകോയീ,ഒക്കെ
aster,ആസ്റ്റർ,ആസ്ട്രർ
parween,പര്വീണ്,പർവീൻ
nextgen,നെക്സ്റ്റ്ജെന്,നെക്സ്റ്റി
rajkot,രാജ്കോട്,റാജ്കോട്ട
aanakkompukes,ആനക്കൊമ്പുകേസ്,ആനക്കൊംപുക്സ്
thooran,തൂറാൻ,തൂരൻ
lakhmani,ലഖ്മനി,ലഖ്മണി
clara,ക്ലാര,ക്ലാരാ
neraahaaram,നിരാഹാരം,നേരാഹരരം
walnut,വാൽനട്,വാൽനുത്
thettayenna,തെറ്റായെന്ന,തെറ്റയെന്ന
munnilethukayennum,മുന്നലെത്തുകയെന്നും,മുന്നിലെത്തുകയെന്നും
chirichchukont,ചിരിച്ചുകൊണ്ട്,ചിരിച്ചുച്ചൊണ്ട
utilities,യൂട്ടിലിറ്റീസ്,ഉത്തിലിറ്സ്്്
garrison,ഗാരിസന്,ഗാരിഷൻ
cardente,കാർഡിന്റെ,കർർഡെന്റെ
dutyyayathukond,ഡ്യൂട്ടിയായതുകൊണ്ട്,ദുത്യയയത്തുകൊണ്ട്്
raafel,റാഫേൽ,റാഫെൽ
radiyokkullille,റേഡിയോയ്ക്കുള്ളിലെ,റേഡിയൊക്കുള്ളില്ലേ
aatmakathhayilekku,ആത്മകഥയിലേക്കു,ആത്മകഥയിലേക്ക്
vimaanaththaavalaththivachch,വിമാനത്താവളത്തിവച്ച്,വിമാനത്താവാലവത്സ്്ചിച
tamilpetromarine,തമിൾപെട്രോമറൈൻ,തമിൽപ്പെറ്രമിനെ
science,സയന്സ്,സ്കിസിൻ
yedittu,എഡിറ്റ്,യേടിട്ട്
adachittayirunnu,അടച്ചിട്ടായിരുന്നു,അടച്ചിട്ടറിയിരുന്നു
flais,ഫ്ലാഷ്,ഫ്ലൈസ്
valli,വള്ളി,വാൽലി
namtheerkkan,നംതീർക്കാൻ,നംതീർക്കൻ
shivpuri,ശിവ്പുരി,ഷിവപുരിി
brahmapur,ബ്രഹ്മപൂർ,ബ്രഹ്മപപുർ
debitt,ഡെബിറ്റ്,ഡിബിറ്റ്
bultti,ബൾട്ടി,ബൂൾട്ടി
qriiq,ക്രീക്ക്,ക്രിയ്ക്ക
udhyogasthanu,ഉദ്യോഗസ്ഥന്,ഉധ്യോഗസ്ഥന്
jaunes,ജോൺസ്,ജൌനസ്
jhindal,ജിന്ഡാല്,ജിന്ദൽ
aouseppu,ഔസേപ്പ്,ഓസുപ്പ്
ledij,ലേഡീസ്,ലെഡിജ്
thiruvaathira,തിരുവാതിര,തിരുവാത്തി
karavaal,കരവാല്,കരവാൽൽ
wendt,വെൻറ്,വെണ്ട്
naanam,നാണം,നാനം
financial,ഫിനാന്ഷ്യല്,ഫിനാക്കിയൽൽ
labhyamaakunnuvennatu,ലഭ്യമാകുന്നുവെന്നത്,ലഭ്യമാകുന്നുവെന്നാണ്
appus,അപ്പൂസ്,അപ്പുസ്
avismaraneeyamaaya,അവിസ്മരണീയമാണ്,അവിസ്മരണീയയായ
chi,ച്ചി,ചി
dindigul,ഡിണ്ടിഗൽ,ഡിന്ദിഗുൽ
vadhashikshayaan,വധശിക്ഷയാണ്,വധശിഷ്കയാണ്
configurationukalilaan,കോൺഫിഗറേഷനുകളിലാണ്,കൺക്രിയുറന്ഷികളാണ്
kappettathanennum,കപ്പെട്ടതാണെന്നും,കപ്പെട്ടതെന്നുംനു
marikadannu,മറികടന്നു,മറികടന്ന്
huntsville,ഹണ്ട്സ്വില്,ഹുന്റ്വിൽലി
ththanalapavum,ത്തനാലാപവും,ത്ഥനാപപവും
kaushik,കൌശിക്,കൌഷിക്ക
sthhaapikkunnaththin,സ്ഥാപിക്കുന്നത്തിന്,സ്ഥാപിക്കുന്നതിന്ന്
nashtappeduthil,നഷ്ടപ്പെടുത്തില്,നഷ്ടപ്പെടുത്തിൽ
naayirikkumennu,നായിരിക്കുമെന്നു,നായിരിക്കുമെന്ന്
renjer,റേഞ്ചർ,റെഞ്ജർ
prasthaanatthinte,പ്രസ്ഥാനത്തിൻറെ,പ്രസ്ഥാനത്തിന്റെ
nirangalilayirunna,നിറങ്ങളിലായിരുന്ന,നിരങ്ങളിലായിരുന്ന
chuvadu,ചുവടു,ചുവട്
forge,ഫോര്ജ്,ഫോർസ്
youtube,യുട്യൂബ്,യൂട്ടു
raaghu,രഘു,റാഘു
ekweshanoke,ഇക്വേഷനൊക്കെ,എക്വേഷനോക്കെ
sradhikkaanaarumilla,ശ്രദ്ധിക്കാനാരുമില്ല,ശ്രദ്ധിക്കാനാറുമില്ല
adithi,അദിതി,അടിത്ത
cheethhayayi,ചീത്തയായി,ചീതയായി
nishchayamaayum,നിശ്ചയമായും,നിശ്ചയയായും
mrnaalini,മൃണാളിനി,മ്നാനാനി
shreshtathayonnumilla,ശ്രേഷ്ഠതയൊന്നുമില്ല,ശ്രേഷ്ടതയൊന്നുമില്ല
vemaanathilaanu,വിമാനത്തിലാണ്,വേമാനത്തിലാണ്
thaanthangalude,താന്താങ്ങളുടെ,താന്തങ്ങളുടെെ
khadjuvin,ഖഡ്ജുവിന്,ഖദ്ജുവിന്
comunisavum,കമ്യൂണിസവും,കോസുനിസവും
dsivaji,ദ്ശിവാജി,ദ്സിവാജി
ethippedunna,എത്തിപ്പെടുന്ന,എതിപ്പെടുന്ന
pooyanr,പോയന്റ്,പൂയന്ർ
theerumanamedukkum,തീരുമാനമെടുക്കും,തീരുമണമെടുക്കും
praveshikkukayum,പ്രവേശിക്കുകയും,പ്രവേഷിക്കുകയും
yousuph,യൂസഫ്,യൂസുഫ്
ahluwalia,അലുവാലിയ,ആഹ്ലുവലിയ
raghoo,രഘു,റഭോ
mukhyathithiyayi,മുഖ്യാതിഥിയായി,മുഖ്യത്തിയതിയി
teleservices,ടെലീസർവീസസ്,ടെലീസ്വിക്സ്
kazhchayk,കാഴ്ചയ്ക്ക്,കഴഴ്ചയ്ക്്
paradip,പരദിപ്,പരാഡിപ്
grandangalaanu,ഗ്രന്ഥങ്ങളാണ്,ഗ്രന്ദങ്ങളാണ്
mahaasamuthratthile,മഹാസമുദ്രത്തിലെ,മഹാസമുത്രത്തിലെ
visadikarikkanumulla,വിശദീകരിക്കാനുമുള്ള,വിസദികരിക്കാനുമുള്ള
anubhavikkathirikkanu,അനുഭവിക്കാതിരിക്കാന്,അനുഭവിക്കിതിരിക്കാന്
kolajukal,കോളജുകൾ,കൊളജുകൾ
asid,ആസിഡ്,അസിദ്
kuthettu,കുത്തേറ്റു,കുത്തേട്ട്
nadamadunnu,നടമാടുന്നു,നടമടുന്നു
chitrathinayi,ചിത്രത്തിനായി,ചിത്രത്നിയാി
jersy,ജേഴ്സി,ജെർസി
padaviye,പദവിയെ,പദവവിയെ
joones,ജോൺസ്,ജൂനസ്
kaazchayil,കാഴ്ചയിൽ,കാച്ചയിൽ
punarnirmichhaal,പുനർനിർമ്മിച്ചാൽ,പുനർനിർമിച്ചിൽൽ
palliyileikkaanu,പള്ളിയിലെക്കാണു,പള്ളിയിലേയിക്കാണ
fasteners,ഫാസ്റ്റ്നേഴ്സ്,ഫസ്റ്റർസ്്്
rajathangamennu,രാജതങ്കമെന്ന്,രാജനംഗമെന്ന്്
patna,പട്ന,പാ്ടന
eddalikalaanu,ഇഡ്ഡലികളാണ്,എഡ്ദലികളാണ്
aatmahathiayeyalla,ആത്മഹത്യയെയല്ല,ആത്മഹത്യയയയല്ല
mallikaththuni,മല്ലികത്തുണി,മല്ലികത്തുതിന
kocchil,കോച്ചിൽ,കൊച്ചിൽ
munvashaththe,മുൻവശത്തെ,മുന്വശത്തെ
shreebaalagokulathinde,ശ്രീബാലഗോകുലത്തിന്റെ,ശ്രീബാഗംകുളത്തിന്റെെ
siberian,സൈബീരിയൻ,സിബേരിയൻ
nadikkaruth,നടിയ്ക്കരുത്,നടിക്കരുത്്
wilow,വീതം,വിലോവ
karnataka,കര്ണാടക,കർണ്ടക
eden,ഏദൻ,എഡെൻ
manchanda,മന്ചന്ദ,മഞ്ചന്ദ
essel,എസ്സൽ,എസ്സിൽ
diskush,ഡിസ്കസ്,ഡിസ്ക്ഷു
abhinandanangngal,അഭിനന്ദനങ്ങൾ,അഭിനന്ദനങ്ങ്ങ
poyikkazhinjjittum,പോയിക്കഴിഞ്ഞിട്ടും,പോയിക്കഴിഞ്ഞിട്ഞും
pravachakanmarude,പ്രവാചകന്മാരുടെ,പ്രവാകനക്മരുടെെ
mizoram,മിസോറാം,മിസോറം
erie,ഈറി,എറിയ
shaththinidayaakkukayum,ഷത്തിനിടയാക്കുകയും,ശത്തിനിടയാക്ക്കയും
uchithamayirikkumallo,ഉചിതമായിരിക്കുമല്ലോ,ഉചിതമായിരിക്കമ്ല്ലോ
ozhivaakiya,ഒഴിവാക്കിയ,ഒഴിവാകിയയ
nadatheppetta,നടത്തപ്പെട്ട,നടത്തെപ്പെട്ട
larson,ലാര്സണ്,ലാർസോൺ
kalayuka,കളയുക,കലയുക
mahbubnagar,മഹ്ബൂബ്നഗർ,മഹ്ബുബ്ദാർ
kudumbatheyum,കുടുംബത്തെയും,കുടുംബത്തേയും
hathras,ഹത്രാസ്,ഹാത്രസ്
urulpottalil,ഉരുൾപൊട്ടലിൽ,ഉരുൾപ്പോട്ടൽ
pagiloodeyaanu,പേജിലൂടെയാണ്,പഗിലൂടെയാണ്
jethaakkal,ജേതാക്കൾ,ജേതാക്കൽ
kullu,കുളു,കുള്ള
vidagdachikilsaikkaayi,വിദഗ്ധചികിൽസയ്ക്കായി,വിദഗ്ജിച്ചിക്ക്കാായി
nilapaadu,നിലപാടു,നിലപാട്
mushippukaanicha,മുഷിപ്പുകാണിച്ച,മുഷിപ്പുകാനിക്ച
moshamaayirikkunnath,മോശമായിരിക്കുന്നത്,മോഷമായിരിക്കുന്നത്
samdharshni,സമദര്ശിനി,സംഘർഷന്ി
haridwar,ഹരിദ്വാർ,ഹാരിദ്വർ
thirichchathaanenkilum,തിരിച്ചതാണെങ്കിലും,തിരിച്ചത്താണെങ്കിലു
maranamadannjal,മരണമടഞ്ഞാൽ,മരണമടന്ഞൽ
kanikalude,കാണികളുടെ,കണികളുടെെ
avum,ആവും,അവും
officukalil,ഓഫീസുകളിൽ,ഓഫിസിക്കളി
shavariya,ഷാവറിയ,ശാവരിയ
flaishh,ഫ്ലാഷ്,ഫ്ലേശ്
jay,ജെയ്,യ്
parichayappedam,പരിചയപ്പെടാം,പരിചയപ്പെടം
siberiayil,സൈബീരിയയിൽ,സിബേറിയയിൽ
ariyichchathine,അറിയിച്ചതിനെ,അറിയിച്ചിച്ചത
ches,ചേസ്,സെസ്
viswasathilaanu,വിശ്വാസത്തിലാണ്,വിശ്വസത്തിലാണ്
silinderinte,സിലിണ്ടറിന്റെ,സിലിന്ദേരിന്റെ
bheekarum,ഭീകരരും,ഭീകരും
bossier,ബോഷർ,ബോസ്സ
lamghichuvenkil,ലംഘിച്ചുവെങ്കില്,ലംഘിച്ചുവെങ്കിൽ
raashtraputhriyaayi,രാഷ്ട്രപുത്രിയായി,രാഷ്ട്രപുത്യിയായി
tareek,താരിഖ്,ത്രീക്ക
brookfield,ബ്രൂക്ഫീല്ഡ്,ബ്രൂക്കില്ഡ്
abhimana,അഭിമാന,അഭിമണ
dhruv,ധ്രുവ്,ധ്വൂർ
moodarkkinnathe,മൂഢർക്കിന്നത്തെ,മൂടർക്കിന്നത്തെ
paikoo,പൈകോ,പൈക്ക
varthamaanakaalathe,വർത്തമാനകാലത്തെ,വർത്തമാനാലകത്തെ
wind,വിൻഡ്,വിന്ദ്
kollathhu,കൊല്ലത്ത്,കൊള്ളത്ത്
motihari,മോതിഹാരി,മോത്രിരി
ponillya,പോണില്യ,പോണില്ല്
avanotu,അവനോട്,അവനോട്ട
viswasathinu,വിശ്വാസത്തിന്,വിശ്വസത്തിന്്
tunelumaayi,ടണലുമായി,ട്യെനുമായ
yasass,യശസ്സ്,യസസസ്്
kudisshika,കുടിശ്ശിക,കുടിശ്ഷിക
nitrite,നൈട്രേറ്റ്,നിത്രിത്െ
thaalpariathode,താൽപര്യത്തോടെ,താൽപരിയതോടെെ
oakley,ഓക്ക്ലീ,ഓക്കിൽ
robbins,റോബിൻസ്,റോബ്ബിന്
kikal,കീകൾ,കികൾ
presidantaayirunnu,പ്രസിഡന്റായിരുന്നു,പ്രേസിഡന്റായിരുന്നു
pothuperumatachattam,പൊതുപെരുമാറ്റചട്ടം,പൊതുപേരുമടട്ടതം
mataaro,മറ്റാരോ,മാത്രോോ
nirappikkunnathil,നിരപ്പിക്കുന്നതിൽ,നിറപ്പിക്കുന്നതിൽ
hodges,ഹോഡ്ജെസ്,ഹോഡ്സ്
thedunnathu,തേടുന്നത്,തെടുന്നത്
vishwasathilaanu,വിശ്വാസത്തിലാണ്,വിശ്വസത്തിലാണ്
pariikshithth,പരീക്ഷിത്ത്,പരിയിക്ഷിത്ത
chirichchukond,ചിരിച്ചുകൊണ്ട്,ചിരിച്ചിച്ചുണ്ട
summerville,സമ്മർവിൽ,സുംവേർമില
shellukkal,ഷെല്ലുകൾ,ശെല്ലുക്ക
poomavanuththamanu,പോമവനുത്തമന്,പൂമവനുത്തമുണ്
shetramuttatthu,ക്ഷേത്രമുണ്ട്,ശേത്രമുറ്റത്ത്
browninj,ബ്രൗണിങ്,ബ്രോണിന്ഞ
akaunt,അക്കൗണ്ട്,അകാന്റ്്
pearland,പേള്ലാന്ഡ്,പീർലാന്ദ്്
ambola,എബോള,അംബോള
napa,നാപ,പപ്പ
thirunabiyilum,തിരുനബിയിലും,തിരുണബിയിലും
santana,സനാതന,സന്തന
chennayile,ചെന്നൈയിലെ,ചെന്നയിലെെ
samsarikkathirikkam,സംസാരിക്കാതിരിക്കാം,സംസരിക്കാതിരിക്കാം
cherinju,ചെരിഞ്ഞ്,ചെറിഞ്ഞു
clark,ക്ലാർക്,ക്ലാർക്ക
jamaikk,ജമൈക്ക,ജമായ്ക്
sosaittiyude,സൊസൈറ്റിയുടെ,സോസൈറ്റിയുടെ
elam,ഏലം,ലോം
uththaravaadithwam,ഉത്തരവാദിത്വം,ഉത്തരരാവിദ്ത്വ
maedikkal,മെഡിക്കൽ,മീഡിക്കൽ
tholpikkaanaavaathe,തോൽപിക്കാനാവാതെ,തോള്പിക്കാനാവാതെ
niyamammoolam,നിയമംമൂലം,നിയമമ്മൂലം
erppeduththiyathennum,ഏർപ്പെടുത്തിയതെന്നും,എർപ്പെടുത്തിയതെന്നും
pathraththilaakum,പാത്രത്തിലാകും,പത്രത്തത്തിലാകു
palam,പാളം,പലം
aalnashathinum,ആൾനാശത്തിനും,ആൽനനശത്തിനും
carukalundennum,കാറുകളുണ്ടെന്നും,കാരുകളുണ്ടെന്നും
labhichchirikamennu,ലഭിച്ചിരിക്കാമെന്ന്,ലഭിച്ചിച്ചികമെന്ന്്
nia,എൻഐഎ,യായ
jersey,ജേഴ്സി,ജെർസി
kadanaanu,കടന്നാണ്,കടനാണ്
sawyer,സോയർ,സെവേർ
hajarakkum,ഹാജരാക്കും,ഹാജരക്കും
babyude,ബേബിയുടെ,ബബ്ദുടെെ
aswabhavika,അസ്വാഭാവിക,അസ്വഭവിക
daebit,ഡെബിറ്റ്,ദൈബിറ്റ്
palikkappedunnathum,പാലിക്കപ്പെടുന്നതും,പളിക്കപ്പെടുന്നതുംം
turkish,ടർക്കിഷ്,ടുർകിഷ്
weekram,വിക്രം,വീക്രം
pennington,പെന്നിംഗ്ടണ്,പെന്നിങ്ങ്ന്
acid,ആസിഡ്,ആസിഡി
jeevatmavayi,ജീവാത്മായി,ജീവത്വമായി
aliias,ഏലിയാസ്,അലിയസ്
emmaanuval,ഇമ്മാനുവൽ,എമ്മാനുവൽ
velliththirayil,വെള്ളിത്തിരയിൽ,വെള്ളിത്തിത്ിയി
manashasthram,മനഃശാസ്ത്രം,മനസസ്ത്രം
cheyendathund,ചെയ്യേണ്ടതുണ്ട്,ചെയേണ്ടതുണ്ട്്
mrthadehangalude,മൃതദേഹങ്ങളുടെ,മൃത്േജങ്ങളുടെ
dakshinaafrikkayile,ദക്ഷിണാഫ്രിക്കയിലെ,ദക്ഷിനാർച്ചിക്കയിലെ
beevyathaikk,ബീവ്യാത്തയ്ക്ക്,ബീവ്യത്കക്ക്്്
matoritatthu,മറ്റൊരിടത്ത്,മാറോടിറ്റത്ത്
faist,ഫെസ്റ്റ്,ഫൈസ്റ്റ്
bombakramanam,ബോംബാക്രമണം,ബോംബക്രമണം
pauranmarude,പൗരന്മാരുടെ,പൌരന്മരുടെെ
congressil,കോൺഗ്രസ്സിൽ,കൺഗ്രസ്സിൽൽ
bootswan,ബോട്സ്വാന,ബോട്ട്സ്വ്
parasiappeduthhiyath,പരസ്യപ്പെടുത്തിയത്,പരസിപപ്പെടുത്തിയത്
crawford,ക്രോഫോർഡ്,ക്രാവർഡ്്
novelukal,നോവലുകൾ,നോവെലുകൾ
chathchhfrase,ചത്ഛ്ഫ്രസെ,ചത്ച്ച്രാസെ
chalikkan,ചലിക്കാൻ,ചാലിക്കാൻ
grandhavum,ഗ്രന്ഥവും,ഗ്രന്ധവും
chalachitra,ചലചിത്ര,ചലച്ചിത്
kollavum,കൊല്ലവും,കൊള്ളവും
thalaneeru,തലനീര്,തലനീരു
mahavisfodana,മഹാവിസ്ഫോടന,മഹാവിർപ്ദന
bhagalpur,ഭഗല്പുര്,ഭഗൽപുർ
chapel,ചാപ്പല്,ചപെൽൽൽ
additional,അഡീഷനൽ,അഡ്ദിത്
higgins,ഹിഗിൻസ്,ഹിഗ്സിംസ
pramila,പ്രമീള,പ്രമിലല
athaathu,അതാത്,അത്താത
staffinaan,സ്റ്റാഫിനാണ്,സ്റ്റഫഫിനാണ്
kontirunnathaan,കൊണ്ടിരുന്നതാണ്,കൊന്ടിരുന്നതാണ്
collingil,കോളിങിൽ,കോളിങ്ങി
tekchandani,ടെക്ചാന്ദിനി,ടെച്ചന്ദനിി
wise,വൈസ്,വിസെ
xiong,ക്സിയോങ്,ക്യോങ്്
morena,മോറീന,മൊറേന
qream,ക്രീം,ക്രേം
kaathirippu,കാത്തിരിപ്പ്,കാത്തിപിപ്പു
vachchittundu,വച്ചിട്ടുണ്ട്,വച്ചിച്ചുട്ട്ട
sankhyakalude,സംഖ്യകളുടെ,സങ്ക്യകളുടെ
chovvazhchayanu,ചൊവ്വാഴ്ചയാണ്,ചൊവ്വഴ്ചയാണ്
thakur,താക്കൂര്,താകർർ
pracharanaththinu,പ്രചാരണത്തിന്,പ്രചരണത്തിന്്
padippikkunathennum,പഠിപ്പിക്കുന്നെന്നും,പഠിപ്പിക്കുന്നതെന്നും
onnundaayittalla,ഒന്നുണ്ടായിട്ടില്ല,ഒന്നുണ്ടായിട്ട്ലല്ല
shoes,ഷൂസ്,ഷോസ്
thurannukoduthu,തുറന്നുകൊടുത്തു,തുറന്നുകൊടുത്ത്
moliyeyuman,മോളിയേയുമാണ്,മോളിയെയുമാണ്
pomavanuthamanu,പോമവനുത്തമന്,പോമവനുതമാണ്
thandy,താണ്ടി,തൻഡി
attraa,അട്രാ,അട്ട്ര
shivastava,ശിവാസ്തവ,ശിവസ്ട്റവ
maeenathhul,മഈനത്തുൽ,മീനത്തുൽ
onnarakilomatteeru,ഒന്നരകിലോമറ്റീര്,ഒന്നരകിലോമട്ടിറര്
chhoola,ച്ചൂള,ചൂല
vaataka,വാടക,വാതക
rowqait,റോക്കറ്റ്,റോംകൈയ്റ്റ
peraanu,പേരാണു,പേരാണ്
roowkait,റോക്കറ്റ്,റൂംകൈറ്റ്
vittathu,വിറ്റത്,വിട്ടത്ത
stediyathinte,സ്റ്റേഡിയത്തിന്റെ,സ്റ്റേദിയതിന്റെെ
sankhyakale,സംഖ്യകളെ,സങ്ക്കകളെ
sevichu,സേവിച്ചു,സെവിച്ചു
everett,എവററ്റ്,എവേറെറ്റ
karshakan,കർഷകൻ,കർഷകാൻ
greenville,ഗ്രീൻവിൽ,ഗ്രീൻവില്
devayani,ദേവയാനി,ദേവയണിി
prasthaanathinte,പ്രസ്ഥാനത്തിൻറെ,പ്രസ്ഥാനത്തിന്റെ
renuka,രേണുക,റെനുക
elizabeth,എലിസബത്ത്,എലിസബേത്ത്
irakhee,ഇറഖീ,ഇരാഖി
vaathilukalum,വാതിലുകളും,വാതികുകളും
kaattee,കാറ്റേ,കാട്ടീ
viswasathin,വിശ്വാസത്തിന്,വിസ്വസത്തിന്
laisans,ലൈസൻസ്,ലൈസാസ്
kootavukayaayirunnu,കൂട്ടാവുകയായിരുന്നു,കൂട്ടവകയായിരുന്നു
krushnnapuram,കൃഷ്ണപുരം,കൃഷ്ണന്പുര
niin,നിൻ,നിയ്
polichchirikkukayaan,പൊളിച്ചിരിക്കുകയാണ്,പൊളിച്ചിച്ചിരിക്കുകയ
thettukontanennum,തെറ്റുകൊണ്ടാണെന്നും,തെറ്റുകൊണ്ടന്നും
mukhyathithhiyayi,മുഖ്യാതിഥിയായി,മുഖ്യത്തിത്യയി
udyoogasthareyum,ഉദ്യോഗസ്ഥരെയും,ഉദ്യൂഗസ്തരേയും
krithia,കൃത്യ,കൃതിയ
findlay,ഫിന്ഡ്ലീ,ഫിന്ദ്ലയ്
sandyaykk,സന്ധ്യയ്ക്ക്,സന്ദ്യയ്ക്ക്
mt,എംടി,ട്ട്
manoharamaayirunnuvenna,മനോഹരമായിരുന്നുവെന്ന,മനോഹരമായിരുന്നെവെന്ന
bhishmar,ഭീഷ്മർ,ഭിഷ്മാർ
youusuuph,യൂസഫ്,യൂസുസു
vrathaanushtaanaanantharam,വ്രതാനുഷ്ഠാനാനന്തരം,വ്രതാനുന്സാന്ത്രണംം
cheythathine,ചെയ്തതിനെ,ചെയ്തത്തിന
cheralathu,ചെരളത്ത്,ചേരളത്ത്
shallyaampaara,ശല്ല്യാംപാറ,ശല്ല്യാംപാര
communications,കമ്മ്യുണികേഷൻസ്,കമ്മുമികിഷന്സ്
ashupathriyilaan,ആശുപത്രിയിലാണ്,അശുപത്രിയിലാണ്
moocgippikkaan,മോചിപ്പിക്കാൻ,മൂക്കിപ്പിക്കാ
bandhan,ബന്ധന്,ബാന്ധൻ
shamanam,ശമനം,ഷമനം
sareeathu,ശരീഅത്ത്,ശരീതത്ത്
paatapusthakathil,പാഠപുസ്തകങ്ങൾ,പാഠപുസ്തകത്തിൽ
fitzgerald,ഫിറ്റ്സ്ജെറാൾഡ്,ഫിറ്റ്രിലഡ്്്
akzo,അക്സോ,ആക്കോ
pakarakkaranayi,പകരക്കാരനായി,പകരക്കാരണയി
khammam,ഖമാം,ഖമ്മം
fatima,ഫാത്തിമ,ഫാത്മമ
gulfilek,ഗൾഫിലേക്ക്,ഗുൾഫിലേക്ക്
viitam,വീതം,വിത്റ
lokathinu,ലോകത്തിനു,ലോകത്തിന്
loveland,ലവ്ലാൻഡ്,ലോവലലാണ്ട
praanikalute,പ്രാണികളുടെ,പ്രാനികളുടെ
behar,ബെഹർ,ബെഹാർ
vangngiyirunnu,വാങ്ങിയിരുന്നു,വംഗങ്ങിയിരുന്നു
nanavumaaraathha,നനവുമാറാത്ത,നാവുമാറാത്ത
vilichchirunnathinte,വിളിച്ചിരുന്നതിന്റെ,വിളിച്ചിച്ചുന്നതിന്റ
stadium,സ്റ്റേഡിയം,സ്റ്റഡിയും
enshuransu,ഇൻഷുറൻസ്,എൻശുറർസു
rooth,രൂത്ത്,തൂത്്
prasavichchu,പ്രസവിച്ചു,പ്രസവിച്ച്ച
vaarththayaanu,വാർത്തയാണ്,വാർത്ത്യയാണ
aleeas,ഏലിയാസ്,അലീസസ്്
kettunna,കെട്ടുന്നു,കെട്ടുന്ന
oupachaarikamaayi,ഔപചാരികമായി,ഓഞ്ചാരികമായി
krushnnane,കൃഷ്ണനെ,കൃഷ്ണന്ന
utpaadippikkaan,ഉത്പാദിപ്പിക്കാൻ,ഉത്പാടിപ്പിക്കാൻ
manappoorvam,മനഃപൂർവം,മനപ്പൂർവം
dibag,ഡീബഗ്,ഡിബാഗ്
kakinada,കക്കിനാഡ,കാിനട
udyogasthanayirunna,ഉദ്യോഗസ്ഥനായിരുന്ന,ഉദ്യോഗസ്ഥനയിരുന്ന
priyarilu,പ്രിയരില്,പ്രിയറില്
abeel,ആബേൽ,അബീൽ
wayerude,വേയറുടെ,വയേറുടെ
kandumuttunna,കണ്ടുമുട്ടുന്ന,കണ്ടുമുറ്ടുന്ന
prarththichu,പ്രാർത്ഥിച്ചു,പ്രർത്തിച്ച്്
thedunnu,തേടുന്നു,തെടുന്നു
gusalethovo,ഗുസെലെതൊവൊ,ഗുസലെത്തോവോ
prolsaahippichu,പ്രോത്സാഹിപ്പിച്ചു,പ്രൊളസിിപ്പിച്ച്്
ulpaadanam,ഉല്പാദനം,ഉൽപാദനം
mcclain,മക്ക്ലെയിന്,മക്ക്ലിയിൻ
runseduthhu,റൺസെടുത്ത്,റുൻസെടുത്ത്
ethichu,എത്തിച്ച്,എതിച്ച്്
treinukal,ട്രെയിനുകൾ,ട്രെയുനകൾൽ
angeekarikkuka,അംഗീകരിക്കുക,അങ്ങീകരിക്കുക
tharathinte,താരത്തിന്റെ,തരത്തിന്റെെ
ieyavasarathil,ഈയവസരത്തിൽ,ഈയവവസരത്തിൽ
kriik,ക്രീക്ക്,ക്രിയ്ക്ക
audit,ഓഡിറ്റ്,ആഡിത്്
eta,ഏറ്റ,േത്
valluvakonathirium,വള്ളുവകോനാതിരിയും,വള്ളുവകൊന്തിരിയം
vazhikaatiyaayi,വഴികാട്ടിയായി,വഴികാടിയായിി
rswm,ആർഎസ്ഡബ്ല്യുഎം,ശസ്വംംം
ramanathapuram,രാമനാഥപുരം,രാമനതപുരം
grandatthinte,ഗ്രന്ഥത്തിന്റെ,ഗ്രണ്ടത്തിന്റെ
columbia,കൊളംബിയ,കോളുംബിയ
punaparishodhanakal,പുനഃപരിശോധനകൾ,പുനപരിശോഷനകൾ
metaa,മെറ്റാ,മേറ്റാ
laybor,ലേബർ,ലാബ്ബ
nni,ന്നി,നിനി
irinjalakkudayile,ഇരിഞ്ഞാലക്കുടയിലെ,ഇരിഞ്ഞലക്കുടയിലെെ
vivahaghoshayatrayil,വിവാഹഘോഷയാത്രയിൽ,വിവഹഹോഷമത്രയിൽൽ
pidikkukayan,പിടിക്കുകയാണ്,പിടിക്കുകയൻ
neeleswaraththum,നീലേശ്വരത്തും,നീലേസ്വരത്തും
thaninadanumaya,തനിനാടനുമായ,തനിനടനുമായ
kanyaasthreekal,കന്യാസ്ത്രീകൾ,കണ്യാസ്ത്രീകൾ
pothukaaryamanthri,പൊതുകാര്യമന്ത്രി,പൊതുകാര്യമന്ത്ര്
kon,കോൺ,നോൺ
chattam,ചാട്ടം,ചട്ടം
baker,ബേക്കർ,ബസേകർ
malwan,മാല്വാന്,മൽവാൻ
niyanthranangalum,നിയന്ത്രണങ്ങളും,നിയന്ത്രങ്ങളും
linil,ലൈനിൽ,ലിനിൽ
bhakshyasuraksha,ഭക്ഷ്യസുരക്ഷാ,ഭക്ഷ്യസുരക്ഷ
parayaanundu,പറയാനുണ്ട്,പറയാണുണ്ട്
montclair,മോണ്ട്ക്ലെയർ,മോണ്ട്ലിലർ
antioch,ആന്റിയോക്,ആന്തിഫോച്ച
alipore,അലിപോര്,ആലിപോരെ
balaji,ബാലാജി,ബലാജിി
kananumundayirunnu,കാണാനുമുണ്ടായിരുന്നു,കണനുമുണ്ടായിരുന്നു
inachernnaalum,ഇണചേർന്നാലും,ഇനച്ചേർന്നാലു
authority,അതോറിറ്റി,ഔതുതോട്ടി
aduththakoottukaarilu,അടുത്തകൂട്ടുകാരില്,അടുത്തുകൂട്ടാറിറില്
ozhivakkanamennu,ഒഴിവാക്കണമെന്ന്,ഒഴിവക്കണമെന്ന്്
textiles,ടെക്സ്ടൈൽസ്,ടെക്സിസില്
surfactants,സർഫക്ടൻസ്,സുഫ്കാട്ടന
nikaththan,നികത്താൻ,നികത്തൻ
karur,കരുർ,കരൂർ
erikkumaayirunnu,ഇരിക്കുമായിരുന്നു,എരിക്കുമായിരുന്നു
shoaib,ഷൊയ്ബ്,ഷോയ്ബ്
thamizhnadinu,തമിഴ്നാടിന്,തമിഴ്നടിന്്
aagastt,ആഗസ്ത്,ആഗസ്റ്റ
texmaco,ടെക്സ്മാകൊ,ടെക്സ്മാക്ക
pravaachaka,പ്രവാചക,പ്രവാചകക
choola,ച്ചൂള,ചൂല
thump,തുമ്പ്,മുംപ്്
hutchinson,ഹച്ചിൻസൺ,ഹുത്ചിൻസ്
veeqram,വിക്രം,വീക്രം
abhyantharamanthraalayam,ആഭ്യന്തരമന്ത്രാലയം,അഭ്യന്തരമ്ന്രമല്യം
niravettan,നിറവേറ്റാൻ,നിറവേറ്ടൻ
sankary,ശങ്കരി,സങ്കാരി
nethrithwaththinethireyo,നേതൃത്വത്തിനെതിരെയോ,നേതൃത്വത്തിതിനെതിരെയ
jamaica,ജമൈക്ക,ജമായകക
vimanaranjchal,വിമാനറാഞ്ചൽ,വിമനനറഞ്ചച്ച
punjabil,പഞ്ചാബിൽ,പുഞ്ഞബിൽ
sadhutha,സാധുത,സധുത
aropich,ആരോപിച്ച്,അരോപിച്ച്
prathishedhichhu,പ്രതിഷേധിച്ചു,പ്രതിഷേധിച്ച്
kaathirunnu,കാത്തിരുന്ന്,കാതിരുന്നു
praveshikkunneyilla,പ്രവേശിക്കുന്നേയില്ല,പ്രവേശിക്കുന്നെയില്ല
vangiyathinaanu,വാങ്ങിയതിനാണു,വങ്ങിയതിനാണ്
santos,സാന്റോസ്,സന്റോസ്്
paura,പൗര,പൌര
thalasthanath,തലസ്ഥാനത്ത്,തലസ്ഥനത്ത്്
owficar,ഓഫീസർ,ഓബിക്ക
saikkolaji,സൈക്കോളജി,സൈക്കൊളജി
shathamaanaththiladhikam,ശതമാനത്തിലധികം,ശതമാനത്തിലിലാത്
jaythaavumaaya,ജേതാവുമായ,ജയ്താവുമായ
alakkalil,അളക്കലില്,അലക്കലിൽൽ
poottan,പൂട്ടാൻ,പൂട്ടൻ
fuedal,ഫ്യൂഡൽ,ഫ്രഡൽൽ
greenwood,ഗ്രീൻവുഡ്,ഗ്രീന്വൂദ്
sequent,സീക്വന്റ്,സെക്കണ്ട്
sweekarikkillennanu,സ്വീകരിക്കില്ലന്നാണ്,സ്വീകരിക്കില്ലെന്നാണ്
hansdah,ഹൻസ്ഡാ,ഹാൻസ്ദ
varddhanavu,വർദ്ധനവ്,വർദ്ധനവു
chollaan,ചൊല്ലാൻ,ചൊല്ലാണ്
saamuuthiriyude,സാമൂതിരിയുടെ,സാമുത്തിരിയുട
olympics,ഒളിംപിക്സ്,ഒലിമ്പിക്സ്
gujarathinullath,ഗുജറാത്തിനുള്ളത്,ഗുജരത്തിനുള്ളത്്
waashingtanu,വാഷിങ്ടണ്,വാഷിങ്ങാന്
sanitaryware,സാനിറ്ററിവെയർ,സനിതര്ര്രരെെ
varikyaanu,വരികയാണ്,വരിക്കാണ്
tthanne,ത്തന്നെ,ത്ഥന്നെ
thedukayanu,തേടുകയാണ്,തെടുകയാണ്
cheyunnathiloode,ചെയ്യുന്നതിലൂടെ,ചെയുന്നതിലൂടെെ
sthanarthiye,സ്ഥാനാർത്ഥിയെ,സ്ഥനർത്തിയെെ
brauninj,ബ്രൗണിങ്,ബ്രൌണിഞ്ഞ
adakkuka,അടയ്ക്കുക,അടക്കുകക
dynamatic,ഡൈനമാറ്റിക്,ദിനമാക്റിക്
kolapaathakathhinethireyum,കൊലപാതകത്തിനെതിരെയും,കൊലപാതകതത്തിനെതിരെയും
sriiniivas,ശ്രീനിവാസ്,ശ്രീനിവിസ്
chandigarh,ചണ്ഡിഗഡ്,ചന്ദിഗാർ
waterbury,വാട്ടർബറി,വാതർസ്ബുറി
arennu,ആരെന്ന്,അരെന്നു
thaalpariaprakaaram,താൽപര്യപ്രകാരം,താൽപരിപ്രകാരം
offisukalil,ഓഫീസുകളിൽ,ഓഫിസുകളിൽ
talwar,തൽവാർ,തൽവർ
kariyar,കരിയർ,കരിയാർ
reliance,റിലെയൻസ്,റിലിയൻക്
aniyanthritha,അനിയന്ത്രിത,അണിയന്ത്രിത
ashramathile,ആശ്രമത്തിലെ,അശ്രമത്തിലെ
jeevikkunnathilan,ജീവിക്കുന്നതിലാണ്,ജീവിക്കുന്നതിനാൽ
sibeerian,സൈബീരിയൻ,സിബീരിയൻ
thanalathhunakkiyaan,തണലത്തുണക്കിയാണ്,തലനത്തുനുക്കിയാണ്
siraj,സിറാജ്,സിരാജ്
bhavikkalaanu,ഭാവിക്കലാണ്,ഭവിക്കലാണ്
shaavariya,ഷാവറിയ,ശാവരിയ
palisheelana,പലിശീലന,പാലിഷീലന
holt,ഹോള്ട്ട്,ഹോൾട്ട്്
shrivas,ശ്രിവാസ്,ശ്വീവസ്
abhinandhikkunnu,അഭിനന്ദിക്കുന്നു,അഭിനന്ധിക്കുന്നു
pravishyaa,പ്രവിശ്യാ,പ്രവിഷ്യാ
angadiyil,അങ്ങാടിയിൽ,അങ്ങടിയിൽൽ
jagdalpur,ജഗദൽപ്പൂർ,ജഗ്ദൽപുർ
rockait,റോക്കറ്റ്,റോക്കൈറ്റ്
thayyarakanam,തയ്യാറാകണം,തയ്യാകണം
tarkkish,ടർക്കിഷ്,താർക്കിഷ്
washington,വാഷിങ്ടണ്,വാഷിൻ്ങൻ്
patillennu,പറ്റില്ലെന്ന്,പറില്ലെന്ന്്
bi,ബി,ദി
parayunnu,പറയുന്നുഃ,പറയുന്നു
jagathy,ജഗതി,ജഗ്്യ
adachchirikkanamenn,അടച്ചിരിക്കണമെന്ന്,അടച്ചിച്ചിക്കണമെന്ന
oran,ഒരണ്,ഒറൻ
gypsum,ജിപ്സം,ഗിപ്സും
poyathineththudar,പോയതിനേത്തുടര്,പോയതിനെത്തുത്ടര
management,മാനേജ്മെന്റ്,മാഗേമെന്റ്്
shaniyaazhchha,ശനിയാഴ്ച്ച,ശണിയാഴ്ച്ച
kottayam,കോട്ടയം,കൊട്ടയം
kuthhukayaanennum,കുത്തുകയാണെന്നും,കുതുകുകയാണെന്നും
porbandar,പോർബന്ദർ,പൊർബണ്ടർ
prsnamakkiyennum,പ്രശ്നമാക്കിയെന്നും,പ്രസ്മമക്കിയെന്നും
cheeng,ചിങ്,ചെങ്
puraththaakkaanaanennu,പുറത്താക്കാനാണെന്ന്,പുറത്താത്കാകാനാണെന്ന
pravachakanayi,പ്രവാചകനായി,പ്രവാപകനായി
thruchchambaram,തൃച്ചംബരം,തൃച്ചംച്രം
shallyampara,ശല്ല്യാംപാറ,ശല്ല്യംപാര
shoppers,ഷോപ്പേഴ്സ്,ഷോപ്പെസ്്
tthile,ത്തിലെ,ത്ഥിലെ
ismayilenna,ഇസ്മായിലെന്ന,ഇസ്മയിലെന്ന
durgapur,ദുർഗാപൂർ,ദുർഗപൂർ
ifci,ഐഫ്സിഐ,ഐസ്കിി
cigniti,സിഗ്നിറ്റി,ക്ഗിന്റിി
sphodana,സ്ഫോടന,സ്ഫോദന
lewisville,ലെവിസ്വില്,ലെവിസ്വില്ല
rya,ര്യ,റ്യ
charchayakunnathu,ചർച്ചയാകുന്നത്,ചർച്ചയകുന്നത്്
sweekarikkukayaanennu,സ്വീകരിക്കുകയാണെന്നു,സ്വീകരിക്കുകയാണെന്ന്
vaidyaparipaalanaththinte,വൈദ്യപരിപാലനത്തിന്റെ,വൈദ്യപരിപാലന്തിന്റെെ
vishwasi,വിശ്വാസി,വിശ്വസി
bhiththy,ഭിത്തി,ഭിത്യ്
merii,മേരെ,മെറിയ
sammarddathinu,സമ്മർദ്ദത്തിനു,സമ്മർദ്ദത്തിന്
stediyathilaan,സ്റ്റേഡിയത്തിലാണ്,സ്റ്റേടിയതിലാണ്
allatheyum,അല്ലാതെയും,അല്ലത്തേയും
mullu,മുള്ള്,മുള്ളു
preeya,പ്രിയ,പ്രീയ
juice,ജ്യൂസ്,ജ്യക്ക്
ekaanthathayum,ഏകാന്തതയും,ഏകാന്തത്തയു
aizawl,ഐസ്വൽ,ഐസവൽൽ
viswasichchu,വിശ്വസിച്ച്,വിസ്വസിച്ച്ച
jery,ജെറി,ജെറ്
adakkamcheithu,അടക്കംചെയ്തു,അടക്കംചെച്ച്
kazhchayorukkunnu,കാഴ്ചയൊരുക്കുന്നു,കഴഴ്ചയൊരുക്കുന്നു
saunders,സോൺഡേർസ്,സാന്ദർസ്
puthuram,പുത്തൂരം,പുതുരം
andhi,ആൻഡി,അൻഡി
yooropyanmaarute,യൂറോപ്യന്മാരുടെ,യൂറോപ്രന്മാരുടെ
abhinayathinu,അഭിനയത്തിനു,അഭിനയത്തിന്
kaappanparanjathithaan,കാപ്പൻപറഞ്ഞതിതാണ്,കാപ്പന്പറഞ്ഞതിനാണ്
vipuliikaranam,വിപുലീകരണം,വിപുലിക്രരണ
sosaitiyum,സൊസൈറ്റിയും,സോസൈറ്റിയും
cylinderukal,സിലിണ്ടറുകൾ,ക്ലിന്ദേരുകൾ
eagan,ഈഗന്,ഗഗൻ
jhunjhunu,ജുൻജുനു,ജുഞ്ഞുന്
mahaadeevaksheethrattile,മഹാദേവക്ഷേത്രത്തിലെ,മഹാദീവകേഷ്ട്രത്തിലെ
thirichchadiyakum,തിരിച്ചടിയാകും,തിരിച്ചിച്ടയാകു
bhagangalilaanu,ഭാഗങ്ങളിലാണ്,ഭഗങ്ങളിലാണ്
prasarananggal,പ്രസരണങ്ങള്,പ്രസരാങ്ങങ്ങ
edeesion,എഡിസൺ,എഡീസിന
lainil,ലൈനിൽ,ലെനിൽ
aanni,ആനി,ആന്ന
adeeshanal,അഡീഷനൽ,അദീഷണൽ
agencikalkk,ഏജൻസികൾക്ക്,അഗെങ്കികൾക്ക
bruvariyude,ബ്രുവറിയുടെ,ബ്രുവരിയുടെ
boliwiya,ബൊളീവിയ,ബോളിവിയ
pattunnilla,പറ്റുന്നില്ല,പട്ടുന്നില്ല
nethrithwathhinu,നേതൃത്വത്തിന്,നേതൃത്വത്വത്തി
dolarraanu,ഡോളറാണ്,ഡോളർറാണ്
vargas,വർഗാസ്,വാർഗസ്
look,ലോക്ക്,ലൂക്ക്
samaranagl,സമരങ്ങൾ,സമരരങ്ങൽ
aapplikkeshanukalum,ആപ്ലിക്കേഷനുകളും,ആപ്പിക്കേക്ഷനുകളു
vishu,വിഷു,വിശു
heeroshimaa,ഹിരോഷിമ,ഹീരോഷിമാ
bhadauriya,ഭടൂരിയ,ഭദാരിയ
gray,ഗ്രേ,ഗ്രയ്
kammyoonisam,കമ്യൂണിസം,കമ്മൂനിസിം
pragalbharaya,പ്രഗല്ഭരായ,പ്രഗംഭഭരായ
ulpatthi,ഉല്പത്തി,ഉൽപത്തിി
murivettu,മുറിവേറ്റു,മുറിവേറ്റ്
elaktroniks,ഇലക്ട്രോണിക്സ്,ഇലക്ട്രോനിക്സ്
vilsan,വിൽസൻ,വിൽസാൻ
zamaiiccan,ജമൈക്കൻ,ഫാമിിക്ക
thiranjjetukkaam,തിരഞ്ഞെടുക്കാൻ,തിരഞ്ഞെടുക്കാം
madgaon,മഡ്ഗാവ്,മദ്ജാൻ
samuchayathile,സമുച്ചയത്തിലെ,സമുചയത്തിലെെ
tyres,ടയേര്സ്,ടൈരെസ്്
valichherinjnjathennum,വലിച്ചെറിഞ്ഞതെന്നും,വലിച്ചെജിഞ്ഞെത്തന്നു
baxter,ബാക്സ്റ്റർ,ബാക്സ്റ്ർ
saharsa,സഹര്സ,സഹാർ
adachchittaayirunnu,അടച്ചിട്ടായിരുന്നു,അടച്ചിച്ചിയാറിയുന്ന
theerumanich,തീരുമാനിച്ച്,തീരുമണിച്ച്്
anashwarangalakunnnu,അനശ്വരങ്ങളാകുന്നു,അനശ്വരങ്ങളുകുന്നു
cheriyamutam,ചെറിയമുട്ടം,ചെറിയമുടം
basirhat,ബസിര്ഹത്,ബസിരത്ത്
herman,ഹെര്മന്,ഹെർമാൻ
eban,ഇബ്ൻ,എബാൻ
gauwind,ഗോവിന്ദ്,ഗൌവിന്ദ്
kuthhettu,കുത്തേറ്റ്,കുത്തേട്ട്
rocqet,റോക്കറ്റ്,റോക്ക്റ്റ്
blufph,ബ്ലഫ്,ബ്ലാഫ്
upayogichchekkumenn,ഉപയോഗിച്ചേക്കുമെന്ന്,ഉപയോഗിച്ചേച്ചെക്കുമെന
zerri,ജെറി,ഫെറി
guevara,ഗുവേര,ഗുവാര
sekharichchirikkunna,ശേഖരിച്ചിരിക്കുന്ന,സേഖരിച്ചിച്ചിരുക്കു
gaori,ഗൗരി,ഗൂറി
kaanan,കാനൻ,കാനാൻ
jeevan,ജീവന്,ജീവൻ
baltti,ബൾട്ടി,ബാൽട്ടി
atangngal,അറ്റങ്ങൾ,അടങ്ങങ്ങൾ
charlotte,ഷാര്ലറ്റ്,ചാർലോട്ടെ
sahapravarththakar,സഹപ്രവർത്തകർ,സഹക്രവർത്തകർത
dalton,ഡാല്ട്ടണ്,ഡൽതോൺ
sajeekaranangaluteyum,സജീകരണങ്ങളുടെയും,സജീകരണങ്ങളുടേയും
margangalundennu,മാർഗങ്ങളുണ്ടെന്ന്,മർഗങ്ങളുണ്ടെന്ന്്
kizhakkunokininnu,കിഴക്കുനോക്കിനിന്ന്,കിഴക്കുനോകിനിന്ന്്
gothanpundaayirunnu,ഗോതമ്പുണ്ടായിരുന്നു,ഗോതന്പുണ്ടായിരുന്നു
thadanjukontayirunnu,തടഞ്ഞുകൊണ്ടായിരുന്നു,തടഞ്ഞുകൊണ്ടയായിരുന്നു
sound,സൗണ്ട്,സൌണ്ട്
garudaa,ഗരുഡ,ഗരുദാ
theccha,തേച്ച,തെച്ച
narwar,നർവാർ,നർർവർ
ahmadabad,അഹ്മദാബാദ്,അഹ്മദാദദ്
jarri,ജെറി,ജർരി
muttam,മുറ്റം,മുട്ടം
mattivaykkunna,മാറ്റിവയ്ക്കുന്ന,മറ്റിവയ്ക്കുന്ന
hearoshimaa,ഹിരോഷിമ,ഹീരോഷിമാ
shaffer,ഷാഫെര്,ഷാഫർർ
phlaish,ഫ്ലാഷ്,ഫ്ലേഹ്
aniyathritha,അനിയന്ത്രിത,അണിയത്രൃതത
contracts,കോണ്ട്രാക്റ്റ്സ്,കോണ്ട്രസ്റ്റ്്്
oyil,ഓയിൽ,ഒയിൽ
ethuka,എത്തുക,എതുകക
cherinj,ചെരിഞ്ഞ്,ചെറിഞ്ഞ്
eprakaaram,ഇപ്രകാരം,ഏപ്രകാരം
pishak,പിശക്,പിഷക്
chaibasa,ചായ്ബാസാ,ചൈബസ
thadakathilethichath,തടാകത്തിലെത്തിച്ചത്,തടകത്തിലെത്തിച്ചത്്
ekhama,ഇഖാമ,ഏഴമ
nagercoil,നാഗര്കോവില്,നഗ്ർക്കിൽൽ
charles,ചാൾസ്,ചാർലസ്
mavibhushan,മവിഭൂഷൺ,മവിഭിഷൻ
landanilum,ലണ്ടനിലും,ലണ്ഡനിലും
jaipurile,ജയ്പൂരിലെ,ജൈപുരിലെെ
mannathu,മന്നത്ത്,മണ്ണത്ത്
grahangngalilekkumulla,ഗ്രഹങ്ങളിലേക്കുമുള്ള,ഗ്രഹങ്ങങ്ങളിലേക്കുമുള
shaniyaazhcha,ശനിയാഴ്ച്ച,ശണിയാഴ്ച്ച
athokkeyalle,അതൊക്കെയല്ലെ,അതൊക്കെയല്ലേ
veediyokal,വിഡിയോകൾ,വീടിയോകൾ
eranaakulam,എറണാകുളം,ഇറനാകുളം
cheyyanamennagrahichha,ചെയ്യണമെന്നാഗ്രഹിച്ച,ചെയ്യനമെന്നമിഗ്്ഷ്ഗ
chembanvayalil,ചെമ്പൻവയലിൽ,ചെമ്പന്യവയിൽ
vrithiyakki,വൃത്തിയാക്കി,വൃത്യിക്കിി
durgavansh,ദുർഗവംശ്,ദുർഗവൻശ്
heritage,ഹെറിറ്റേജ്,ഹെറിറ്റിെ
avalokanangngal,അവലോകനങ്ങൾ,അവളോകണങ്ങങ്
kuthhetu,കുത്തേറ്റു,കുത്തേട്ട്
sayyayorukki,ശയ്യയൊരുക്കി,സയ്യയൊരുക്കി
cheethayayi,ചീത്തയായി,ചീതയായി
viswasathinte,വിശ്വാസത്തിന്റെ,വിസ്വസത്തിന്റെെ
pushkar,പുഷ്കര്,പുഷ്കർ
ethellaam,ഇതെല്ലാം,ഏതെല്ലാം
randhawa,രന്താവ,രാന്ധവ
channelukalil,ചാനലുകളിൽ,ചന്നെലുകളി
aavashyangngalaanennum,ആവശ്യങ്ങളാണെന്നും,ആവശ്യങ്ങളങളാണെന്നു
puthuvalsara,പുതുവത്സര,പുതുവംസര
pathinnalam,പതിന്നാലാം,പതിന്നലം
ramkrishna,രാംകൃഷ്ണ,രംക്ഷിന്ന
mastek,മാസ്ടെക്,മസ്റ്റേക്
meecqi,മിക്കി,മീക്കി
mohanrajineyan,മോഹൻരാജിനെയാണ്,മോഹന്രജിനെയൻ
asamghaditharakki,അസംഘടിതരാക്കി,അസംഘടികരത്ക്കി
pravarththakante,പ്രവർത്തകന്റെ,പ്രവർത്ഥകന്റെ
plyboards,പ്ലൈബോർഡ്സ്,പ്ലൈബ്റ്സ്്
charleston,ചാൾസ്ടൺ,ചാർലസ്റ്
koonan,കൂനൻ,കൂനാൻ
rekhayanam,രേഖായനം,രേഖയണം
thaamasichchulloo,താമസിച്ചുള്ളൂ,താമസിച്ചിച്ചുള
springfield,സ്പ്രിംഗ്ഫീൽഡ്,സ്പ്രിങ്ിലജ്ഡ്
valichizhachukondanu,വലിച്ചിഴച്ചുകൊണ്ടാണ്,വലിച്ചിച്ചചുചുണ്ട്ണ്
ddeshichchathinaalaan,ദ്ദേശിച്ചതിനാലാണ്,ദ്ദേശിച്ചിച്ചനിനാല
aniyantrithamaaya,അനിയന്ത്രിതമായ,അണിയന്ത്രിതമായ
parbhani,പ്രഭാനി,പർഭാനി
thetukondaanennum,തെറ്റുകൊണ്ടാണെന്നും,തെറുകൊണ്ടാണെന്നും
thattiyedukkalinethire,തട്ടിയെടുക്കലിനെതിരെ,തട്ടിയെടുക്കളിലെതിരെ
affle,ആഫ്ലെ,ആഫ്ഫിൽ
kananumuntayirunnu,കാണാനുമുണ്ടായിരുന്നു,കണനുമുണ്ടായിരുന്നു
chicopee,ചികോപീ,ചിക്കോപ
congress,കോൺഗ്രസ്സ്,കംങ്രസ്്്
wilson,വിൽസൻ,വിൽസോൺ
vaadaka,വാടക,വാദക
cardinte,കാർഡിന്റെ,കർർഡിന്റെ
panjchaabil,പഞ്ചാബിൽ,പഞ്ഞ്ചാബി
shankdhar,ശംഖ്ധർ,ശാങ്കർ
angeekaramavukayum,അംഗീകാരമാവുകയും,അങ്ങീകരമവുകയും
niranjanee,നിരഞ്ജനേ,നിറഞ്ഞനീ
adhyaapanashaili,അധ്യാപനശൈലി,അധ്യാപനശശിലി
kalabham,കളഭം,കലഭം
pennukittathirunna,പെണ്ണുകിട്ടാതിരുന്ന,പെണ്ണുകിട്ടതിരുന്നന
munvashathe,മുൻവശത്തെ,മുന്വശത്തെ
siivajii,ശിവാജി,സിവാജജി
airtel,എയർടെല്,എയർട്ടിൽ
ammaykku,അമ്മക്ക്,അമ്മയ്ക്ക
sthaanangalilaanennum,സ്ഥാനങ്ങളിലാണെന്നും,സ്ഥാനങ്ങളിലാലെന്നും
rapids,റാപിഡ്സ്,റാപിഡ്്
peettu,പീറ്റ്,പീട്ട്
vizianagaram,വിസ്യനഗരം,വിജിയരസരം
learn,ലേൺ,ലേർണ
sevagram,സേവാഗ്രാം,സെവഗ്രം
valichhizhachhukondaanu,വലിച്ചിഴച്ചുകൊണ്ടാണ്,വലിച്ചിഴിച്ചചുചൊണ്ടാണ
muthoot,മുത്തൂറ്റ്,മുത്തൂട്ട്
kaandamrugam,കാണ്ടാമൃഗം,കാണ്ടംഗുരം
ogden,ഓഗ്ദെന്,ഒബ്ദെൻ
kenalukal,കെനലുകൾ,കെണലുകൾ
merae,മേരെ,മേരായ
sons,സൺസ്,സോൻസ്
keshwani,കേശ്വാണി,കേശ്വാനി
kolara,കോളറ,കൊളാര
kolapaathakangngalum,കൊലപാതകങ്ങളും,കൊലപാതകങ്ങ്ങളു
varthamanakalathe,വർത്തമാനകാലത്തെ,വർത്തമനകളലത്തെെ
punjab,പഞ്ചാബ്,പുഞ്ഞബ്
heroshima,ഹിരോഷിമ,ഹെരോഷിമ
saadryashyam,സാദൃശ്യം,സാദ്ര്യശ്
fineotex,ഫൈനോടെക്സ്,ഫിനീറ്റ്ക്
sivazi,ശിവാജി,സിവാി
aakaagrutha,ഏകാഗ്രത,ആകാഗ്രുത
arthur,ആർത്തൂർ,ആർത്തുർ
turist,ടൂറിസ്റ്റ്,ട്രിസ്റ്റ്
unclennodu,അങ്കിളെന്നോട്,ഉൻക്ലെന്നോ്്
mathura,മഥുര,മതുര
peeddippikkukayum,പീഢിപ്പിക്കുകയും,പീഡ്ദിപ്പിക്കുകയു
apekshikkan,അപേക്ഷിക്കാൻ,അപേക്ഷിക്കൻ
garuuda,ഗരുഡ,ഗരുരു
khaliq,ഖാലിക്,ഖാലിക്ക
kebil,കേബിൾ,കെബിൽ
pithaakkanmaarumaayi,പിതാക്കൻമാരായി,പിതാക്കന്മാരുമാ
darshan,ദർശൻ,ദർഷൻ
garudan,ഗരുഡൻ,ഗാരദൻ
maladwaarathinte,മലദ്വാരത്തിന്റെ,മലാദ്വാരത്തിന്റെ
ayeshhaa,ആയിഷ,അയേഷാ
jamaiqa,ജമൈക്ക,ജമായകക
kadathaan,കടത്താൻ,കടത്താണ്
tayde,ടെയ്ഡെ,തെയ്െ
chaayapodiyaan,ചായപൊടിയാണ്,ചായപോടിയാണ്
amgeekarikkunnavarood,അംഗീകരിക്കുന്നവരോട്,അംഗീകരിക്കുന്നവരൂർ
kongrassine,കോൺഗ്രസ്സിനെ,കോൺഗ്രസസിനെ
kaavikkodiyumpidichha,കാവിക്കൊടിയുംപിടിച്ച,കാവിക്കൊളിയിടുമ്പിച്ച
johari,ജോഹരി,ജോഹാരി
chodippichchathu,ചൊടിപ്പിച്ചത്,ചോദിപ്പിച്ചത്ത
slokangalude,ശ്ലോകങ്ങളുടെ,സ്ലോകങ്ങളുടെ
pathinaayiratthiladhikam,പതിനായിരത്തിലധികം,പതിനായിരത്തിലടിതിം
elies,ഏലിയാസ്,എലിസ്്
ethiyirikkunnu,എത്തിയിരിക്കുന്നു,എതിയിരിക്കുന്നു
pount,പൌണ്ട്,പൌന്റ്
shreenivas,ശ്രീനിവാസ്,ശ്രീനിവസ്
electronic,ഇലക്ട്രോണിക്,എലെക്ട്രോസിക്
gruuppayi,ഗ്രൂപ്പായി,ഗ്രൂപ്പയി
parlour,പാർലർ,പാർലോർ
karuthhutta,കരുത്തുറ്റ,കരുതുതുട്ട
musthafayalla,മുസ്തഫയല്ല,മുസ്തരയല്ല
bykkilethiya,ബൈക്കിലെത്തിയ,ബിക്കിലെത്തിയ
foley,ഫോളി,ഫോലെ
